NodeName,NodeIPAddress,PollingEngineID,PollingMethod,SNMPV2Community,NodeManufacturer,City
LDC-FW03,192.168.100.36,1,SNMPV2,notpublic79,Cisco,LDC
LDC-L10-ACC-SW01,192.168.100.100,1,SNMPV2,notpublic79,Cisco,LDC
LDC-L21-ACC-SW02,192.168.100.102,1,SNMPV2,notpublic79,Cisco,LDC
LDC-L22-ACC-SW02,192.168.100.103,1,SNMPV2,notpublic79,Cisco,LDC
LDC-L24-ACC-SW02,192.168.100.105,1,SNMPV2,notpublic79,Cisco,LDC
LDC-L25-ACC-SW02,192.168.100.106,1,SNMPV2,notpublic79,Cisco,LDC
LDC-L26-ACC-SW02,192.168.100.107,1,SNMPV2,notpublic79,Cisco,LDC
LDC-L27-ACC-SW02,192.168.100.108,1,SNMPV2,notpublic79,Cisco,LDC
LDC-PREPROD-ACC-SW1,192.168.100.132,1,SNMPV2,notpublic79,Cisco,LDC
LDC-PRE-ACC-SW02,192.168.100.133,1,SNMPV2,notpublic79,Cisco,LDC
LDC-PRE-ACC-SW03,192.168.100.134,1,SNMPV2,notpublic79,Cisco,LDC
SCH-CORP-ACC-SW20,10.50.99.20,1,SNMPV2,notpublic79,Cisco,SCH
SCH-CORP-ACC-SW21,10.50.99.21,1,SNMPV2,notpublic79,Cisco,SCH
SCH-CORP-ACC-SW22,10.50.99.22,1,SNMPV2,notpublic79,Cisco,SCH
SCH-CORP-ACC-SW23,10.50.99.23,1,SNMPV2,notpublic79,Cisco,SCH
SCH-Cisco-Stack-Switch-Data-Vlan,10.50.99.60,1,SNMPV2,notpublic79,Cisco,SCH
SCH-CORP-ACC-SW24,10.50.99.61,1,SNMPV2,notpublic79,Cisco,SCH
SCH-WLC,10.50.99.65,1,SNMPV2,notpublic79,Cisco,SCH
SCH-HP-ProCurve-Stack-Switch-Voice-Vlan,10.50.99.201,1,SNMPV2,notpublic79,HP,SCH
bcn-access-sw02,10.55.33.20,1,SNMPV2,notpublic79,Cisco,BCN
bcn-wlc01,10.55.33.6,1,SNMPV2,notpublic79,Cisco,BCN
LDC-FW03-Stby,192.168.100.37,1,SNMPV2,notpublic79,Cisco,LDC
bcn-inetfw01-1,10.55.32.17,1,SNMPV2,notpublic79,Cisco,BCN
L22-Pord-Nortel,10.10.22.253,0,SNMPV2,notpublic79,"Alteon Networks, Inc.",LDC-Legacy
L25-Pord-Nortel,10.10.25.253,0,SNMPV2,notpublic79,"Alteon Networks, Inc.",LDC-Legacy
L15-Pre-prod-Nortel,10.10.65.253,0,SNMPV2,notpublic79,"Alteon Networks, Inc.",LDC-Legacy
bcn-coresw-01,10.55.32.19,1,SNMPV2,notpublic79,Cisco,BCN
LDC-CORE-SW03,192.168.100.98,1,SNMPV2,notpublic79,Cisco,LDC
LDC-CORE-SW04,192.168.100.99,1,SNMPV2,notpublic79,Cisco,LDC
MEL-INET-23164-40Mbps,203.122.138.1,0,ICMP,,Unknown,MEL
SCH-CORE-SW01,10.50.99.1,1,SNMPV2,notpublic79,Cisco,SCH
bcn-access-sw01,10.55.33.22,1,SNMPV2,notpublic79,Cisco,BCN
SCH-CORE-SW02,10.50.99.3,1,SNMPV2,notpublic79,Cisco,SCH
LDC-VPN-FW01,10.10.7.3,1,SNMPV2,notpublic79,Cisco,LDC-Legacy
LDC-MGMT-SW01,192.168.100.113,1,SNMPV2,notpublic79,Cisco,LDC
LDC-MGMT-SW02,192.168.100.114,1,SNMPV2,notpublic79,Cisco,LDC
ADC-D-RTR02- DMVPN,10.30.140.69,1,SNMPV2,tcatldcqts4r0,Cisco,ADC
ADC-C-RTR01,10.30.2.8,1,SNMPV2,tcatldcqts4r0,Cisco,ADC
ADC-I-RTR01,10.30.140.10,1,SNMPV2,tcatldcqts4r0,Cisco,ADC
ADC-I-RTR02,10.30.140.11,1,SNMPV2,tcatldcqts4r0,Cisco,ADC
ADC-FW01-Admin,10.30.140.3,1,SNMPV2,tcatldcqts4r0,Cisco,ADC
ADC-FW01-Admin-Stby,10.30.140.4,1,SNMPV2,tcatldcqts4r0,Cisco,ADC
ADC-CORE-SW01,10.30.140.5,1,SNMPV2,,Cisco,ADC
ADC-CORE-SW02,10.30.140.6,1,SNMPV2,,Cisco,ADC
ADC-MGMT-SW01,10.30.140.14,1,SNMPV2,notpublic79,Cisco,ADC
ADC-PROD-LB-01,10.30.140.7,1,SNMPV2,notpublic79,"F5 Networks, Inc.",ADC
ADC-PROD-LB-02,10.30.140.8,1,SNMPV2,notpublic79,"F5 Networks, Inc.",ADC
NYC-INETFW01-1/pri,10.55.8.17,1,SNMPV2,notpublic79,Cisco,NYC
NYC-WAN-RTR01,10.55.8.49,1,SNMPV2,notpublic79,Cisco,NYC
tc-nyc-wap02,10.55.10.9,0,ICMP,,Unknown,NYC
LDC-M-RTR01,10.80.140.73,1,SNMPV2,notpublic79,Cisco,LDC
ADC-FW01-Inet-Stby,10.30.0.34,1,SNMPV2,notpublic79,Cisco,ADC
ADC-FW01-Inet,10.30.0.33,1,SNMPV2,notpublic79,Cisco,ADC
ADC-FW01-Dev-Inet,10.30.2.6,1,SNMPV2,notpublic79,Cisco,ADC
ADC-FW01-Dev-Inet-Stby,10.30.2.7,1,SNMPV2,notpublic79,Cisco,ADC
ADC-FW01-Appdb,10.30.136.1,1,SNMPV2,notpublic79,Cisco,ADC
ADC-FW01-Appdb-Stby,10.30.136.2,1,SNMPV2,notpublic79,Cisco,ADC
SCH-CORE-SW01.travelclick.com,10.50.99.2,1,SNMPV2,notpublic79,Cisco,SCH
bcn-access-sw05,10.55.33.24,1,SNMPV2,notpublic79,Cisco,BCN
bcn-print-sw01,10.55.33.25,1,SNMPV2,notpublic79,Cisco,BCN
tc-atl-fw01-pri,10.55.24.17,1,SNMPV2,notpublic79,Cisco,ATL
ATL-OFC-WAN-RTR01,10.55.24.49,1,SNMPV2,notpublic79,Cisco,ATL
tc-atl.cogent-rtr,38.122.46.46,1,ICMP,,Unknown,ATL
ATL-OFC-CORE-SW01,10.55.24.19,1,SNMPV2,notpublic79,Cisco,ATL
ATL-I-RTR01,10.55.24.14,1,ICMP,,Unknown,ATL
SCH-D-RTR01,10.50.3.49,1,SNMPV2,notpublic79,Cisco,SCH
bcn-d-rtr01(MPLS and DMVPN),10.55.32.49,1,SNMPV2,notpublic79,Cisco,BCN
ATL-ESX Server,10.55.26.45,0,ICMP,,VMware Inc.,ATL
ATL-SW03-floor36,10.55.26.11,1,SNMPV2,notpublic79,Cisco,ATL
tc-atl-sw04-floor36,10.55.26.12,1,SNMPV2,notpublic79,Cisco,ATL
LDC-FW01-Inet,10.80.2.1,1,SNMPV2,notpublic79,Cisco,LDC
LDC-FW01-Admin,10.80.140.3,1,SNMPV2,notpublic79,Cisco,LDC
LDC-FW01-Dev-Inet,10.80.2.6,1,SNMPV2,notpublic79,Cisco,LDC
LDC-CORE-SW02,10.80.140.6,1,SNMPV2,,Cisco,LDC
LDC-C-RTR01,10.80.140.20,1,SNMPV2,notpublic79,Cisco,LDC
ATL-SW01-floor35,10.55.26.13,1,SNMPV2,notpublic79,Cisco,ATL
LDC-PROD-LB-01,10.80.140.7,1,SNMPV2,notpublic79,"F5 Networks, Inc.",LDC
LDC-PROD-LB-02,10.80.140.8,1,SNMPV2,notpublic79,"F5 Networks, Inc.",LDC
LDC-FW01-Dev-Appdb,10.82.2.71,1,SNMPV2,notpublic79,Cisco,LDC
LDC-I-RTR02,10.80.140.11,1,SNMPV2,tcldcgram4r0,Cisco,LDC
LDC-I-RTR01,10.80.140.10,1,SNMPV2,tcldcgram4r0,Cisco,LDC
LDC-PRE-CORE-SW01,192.168.100.130,1,SNMPV2,notpublic79,Cisco,LDC
atl-wlc01,10.55.26.6,1,SNMPV2,notpublic79,Cisco,ATL
ADC-A08-PDU02,10.30.137.61,0,ICMP,,Unknown,ADC
ADC-A08-PDU01,10.30.137.62,1,SNMPV2,notpublic79,American Power Conversion Corp.,ADC
ADC-A07-PDU01,10.30.137.64,1,SNMPV2,private,American Power Conversion Corp.,ADC
ADC-A06-PDU02,10.30.137.65,1,SNMPV2,private,American Power Conversion Corp.,ADC
ADC-A06-PDU01,10.30.137.66,1,SNMPV2,private,American Power Conversion Corp.,ADC
ADC-A10-PDU02,10.30.137.69,1,SNMPV2,notpublic79,American Power Conversion Corp.,ADC
ADC-A10-PDU01,10.30.137.70,1,SNMPV2,notpublic79,American Power Conversion Corp.,ADC
SCH-FW-PRI,10.50.4.4,1,SNMPV2,notpublic79,Cisco,SCH
bcn-d-rtr02,10.55.32.22,1,SNMPV2,notpublic79,Cisco,BCN
bcn-access-sw03,10.55.33.21,1,SNMPV2,notpublic79,Cisco,BCN
tc-atl-mplsrtr01,10.55.24.1,1,SNMPV2,notpublic79,Cisco,ATL
ATL-Office-Inet-Cogent-Link-Primary,38.122.46.46,1,ICMP,,Unknown,ATL
ORL-Core B (Meraki),10.55.48.9,0,SNMPV2,notpublic79,"Meraki Networks, Inc.",Orlando
ADC-VPN-FW01,10.30.2.11,1,SNMPV2,notpublic79,Cisco,ADC
sng-inetfw01-1,10.55.64.17,1,SNMPV2,notpublic79,Cisco,SNG
SNG-CORE-SW01,10.55.64.19,1,SNMPV2,notpublic79,Cisco,SNG
sng-d-rtr01,10.55.64.49,1,SNMPV2,notpublic79,Cisco,SNG
sng-access-sw02,10.55.65.4,0,SNMPV2,notpublic79,Cisco,SNG
sng-wlc,10.55.65.6,1,SNMPV2,notpublic79,Cisco,SNG
SCH-CORP-ACC-SW25,10.50.99.25,1,SNMPV2,notpublic79,Cisco,SCH
SCH-CORP-ACC-SW26,10.50.99.26,1,SNMPV2,notpublic79,Cisco,SCH
tc-atl-fw01-stby,10.55.24.18,1,SNMPV2,notpublic79,Cisco,ATL
SCH-FW-STBY,10.50.4.5,1,SNMPV2,notpublic79,Cisco,SCH
ADC-VPN-FW01-stby,10.30.2.12,1,SNMPV2,notpublic79,Cisco,ADC
ORL-SW02-Meraki,10.55.49.14,0,SNMPV2,notpublic79,"Meraki Networks, Inc.",Orlando
LDC-FW03-GramTel,209.242.64.129,0,ICMP,,Unknown,LDC
LDC-EDGE-SW01,10.80.140.21,1,SNMPV2,notpublic79,Cisco,LDC
LDC-EDGE-SW02,10.80.140.22,1,SNMPV2,notpublic79,Cisco,LDC
OLD-LDC-PROD-LB-01,10.10.12.4,1,SNMPV2,notpublic79,"F5 Networks, Inc.",LDC-Legacy
OLD-LDC-PROD-LB-02,10.10.12.6,1,SNMPV2,notpublic79,"F5 Networks, Inc.",LDC-Legacy
LDC-VPN-FW05-stby,10.80.2.11,1,SNMPV2,notpublic79,Cisco,LDC
rack3-pdu1,10.30.137.71,1,SNMPV2,notpublic79,American Power Conversion Corp.,ADC
rack3-pdu2,10.30.137.72,1,SNMPV2,notpublic79,American Power Conversion Corp.,ADC
LDC-Internet-Link-CyrusOne,10.80.140.10,1,SNMPV2,tcldcgram4r0,Cisco,LDC
LDC-D-RTR01- Zayo,10.80.140.68,1,SNMPV2,notpublic79,Cisco,LDC
qts-ucs-4451,10.30.140.18,0,SNMPV2,notpublic79,Cisco,ADC
LDC-D-RTR02 DMVPN,10.80.140.69,1,SNMPV2,notpublic79,Cisco,LDC
LDC-MGMT-SW03,10.80.140.14,1,SNMPV2,notpublic79,Cisco,LDC
LDC-MGMT-SW04,10.80.140.23,1,SNMPV2,notpublic79,Cisco,LDC
SCH-CORP-ACC-SW27,10.50.99.27,1,SNMPV2,notpublic79,Cisco,SCH
SCH-CORP-ACC-SW28,10.50.99.28,1,SNMPV2,notpublic79,Cisco,SCH
SCH-CORP-ACC-SW29,10.50.99.29,1,SNMPV2,notpublic79,Cisco,SCH
SCH-CORP-ACC-SW30,10.50.99.30,1,SNMPV2,notpublic79,Cisco,SCH
LDC-FW01-ADMIN-stby,10.80.140.4,1,SNMPV2,notpublic79,Cisco,LDC
LDC-VPN-FW05,10.80.2.10,1,SNMPV2,notpublic79,Cisco,LDC
ADC-DEV-LB,10.30.64.38,1,SNMPV2,notpublic79,"F5 Networks, Inc.",ADC
LDC-DEV-LB,10.80.64.38,1,SNMPV2,notpublic79,"F5 Networks, Inc.",LDC
lomsansw01,10.80.41.11,1,SNMPV2,notpublic79,Cisco,LDC
lomsansw02,10.80.41.12,1,SNMPV2,notpublic79,Cisco,LDC
lomsansw05,10.80.41.15,1,SNMPV2,notpublic79,Cisco,LDC
lomsansw06,10.80.41.16,1,SNMPV2,notpublic79,Cisco,LDC
atlsansw01,10.30.41.11,1,SNMPV2,notpublic79,Cisco,ADC
atlsansw02,10.30.41.12,1,SNMPV2,notpublic79,Cisco,ADC
lomucs01-A,10.80.42.11,0,SNMPV2,notpublic79,Cisco,LDC
lomucs01-B,10.80.42.13,0,SNMPV2,notpublic79,Cisco,LDC
orion.travelclick.net,10.30.137.125,2,WMI,,Windows,ADC
lomucs02-B,10.80.43.12,0,SNMPV2,notpublic79,Cisco,LDC
atlucs02-A,10.30.43.11,0,SNMPV2,notpublic79,Cisco,ADC
VoIP-SCH-Asterisk-Server,10.50.20.22,0,ICMP,,Unknown,SCH
MEL-D-RTR01,10.55.80.49,1,SNMPV2,notpublic79,Cisco,MEL
MEL-ACCSW02-CECIL_ST,10.55.81.9,1,SNMPV2,notpublic79,Cisco,MEL
MEL-ACC-SW01,10.55.81.15,1,SNMPV2,notpublic79,Cisco,MEL
MEL-WLC01,10.55.81.6,1,SNMPV2,notpublic79,Cisco,MEL
MEL-INETFW01-1,10.55.80.17,1,SNMPV2,notpublic79,Cisco,MEL
MEL-CORESW01,10.55.80.19,1,SNMPV2,notpublic79,Cisco,MEL
ldc-ucs.travelclick.net,10.80.140.18,1,SNMPV2,notpublic79,Cisco,LDC
lomucs02-A,10.80.43.11,0,SNMPV2,notpublic79,Cisco,LDC
nycesx01.travelclick.net,10.55.10.50,0,ICMP,,Unknown,NYC
bcn-access-sw04,10.55.33.23,1,SNMPV2,notpublic79,Cisco,BCN
ADC-M-RTR01,10.30.140.20,1,SNMPV2,notpublic79,Cisco,ADC
sng-access-sw01,10.55.65.5,0,SNMPV2,notpublic79,Cisco,SNG
sng-d-rtr02,10.55.64.22,1,SNMPV2,notpublic79,Cisco,SNG
SNG-Inet-Public,118.201.62.238,1,SNMPV2,notpublic79,Cisco,SNG
sng-inetfw01-2,10.55.64.18,1,SNMPV2,notpublic79,Cisco,SNG
lomucs03-A,10.80.44.11,0,SNMPV2,notpublic79,Cisco,LDC
bcn-level3-public,193.240.171.18,0,ICMP,,Unknown,BCN
PTP250_WIFI-Bridge-master,10.55.33.37,0,SNMPV2,notpublic79,PipingHot Networks Limited,BCN
VoIP-NYC Asterisk Server,10.55.10.10,0,ICMP,,Unknown,NYC
RACK13-MGMT-SW01,10.30.140.25,1,SNMPV2,notpublic79,Cisco,ADC
ORL-D-RTR02,10.55.48.3,1,SNMPV2,notpublic79,Cisco,ORL
atlsansw04,10.30.41.14,1,SNMPV2,notpublic79,Cisco,ADC
atlucs02-b.gain.tcprod.local,10.30.43.12,1,SNMPV2,notpublic79,Cisco,ADC
atlsansw03,10.30.41.13,1,SNMPV2,notpublic79,Cisco,ADC
atlucs03-B,10.30.44.12,0,SNMPV2,notpublic79,Cisco,ADC
atlucs03-A,10.30.44.13,0,SNMPV2,notpublic79,Cisco,ADC
LDC-RACK-L21-PDU-A,10.80.137.83,1,SNMPV2,notpublic79,American Power Conversion Corp.,LDC
LDC-RACK-L21-PDU-B,10.80.137.84,1,SNMPV2,notpublic79,American Power Conversion Corp.,LDC
LDC-RACK-L22-PDU-A,10.80.137.85,1,SNMPV2,notpublic79,American Power Conversion Corp.,LDC
LDC-RACK-L22-PDU-B,10.80.137.86,1,SNMPV2,notpublic79,American Power Conversion Corp.,LDC
LDC-RACK-L23-PDU-A,10.80.137.87,1,SNMPV2,notpublic79,American Power Conversion Corp.,LDC
LDC-RACK-L12-PDU-A,10.80.137.65,1,SNMPV2,notpublic79,American Power Conversion Corp.,LDC
LDC-RACK-L12-PDU-B,10.80.137.66,1,SNMPV2,notpublic79,American Power Conversion Corp.,LDC
LDC-RACK-L13-PDU-A,10.80.137.67,1,SNMPV2,notpublic79,American Power Conversion Corp.,LDC
LDC-RACK-L13-PDU-B,10.80.137.68,1,SNMPV2,notpublic79,American Power Conversion Corp.,LDC
LDC-RACK-L14-PDU-A,10.80.137.69,1,SNMPV2,notpublic79,American Power Conversion Corp.,LDC
LDC-RACK-L14-PDU-B,10.80.137.70,1,SNMPV2,notpublic79,American Power Conversion Corp.,LDC
LDC-RACK-L15-PDU-A,10.80.137.71,1,SNMPV2,notpublic79,American Power Conversion Corp.,LDC
LDC-RACK-L15-PDU-B,10.80.137.72,1,SNMPV2,notpublic79,American Power Conversion Corp.,LDC
LDC-RACK-L16-PDU-A,10.80.137.73,1,SNMPV2,notpublic79,American Power Conversion Corp.,LDC
LDC-RACK-L16-PDU-B,10.80.137.74,1,SNMPV2,notpublic79,American Power Conversion Corp.,LDC
LDC-RACK-L20-PDU-A,10.80.137.81,1,SNMPV2,notpublic79,American Power Conversion Corp.,LDC
LDC-RACK-L23-PDU-B,10.80.137.88,1,SNMPV2,notpublic79,American Power Conversion Corp.,LDC
LDC-RACK-L24-PDU-A,10.80.137.89,1,SNMPV2,notpublic79,American Power Conversion Corp.,LDC
LDC-RACK-L24-PDU-B,10.80.137.90,1,SNMPV2,notpublic79,American Power Conversion Corp.,LDC
LDC-RACK-L25-PDU-A,10.80.137.91,1,SNMPV2,notpublic79,American Power Conversion Corp.,LDC
LDC-RACK-L25-PDU-B,10.80.137.92,1,SNMPV2,notpublic79,American Power Conversion Corp.,LDC
LDC-RACK-L26-PDU-A,10.80.137.93,1,SNMPV2,notpublic79,American Power Conversion Corp.,LDC
LDC-RACK-L26-PDU-B,10.80.137.94,1,SNMPV2,notpublic79,American Power Conversion Corp.,LDC
LDC-RACK-L27-PDU-A,10.80.137.95,1,SNMPV2,notpublic79,American Power Conversion Corp.,LDC
LDC-RACK-L27-PDU-B,10.80.137.96,1,SNMPV2,notpublic79,American Power Conversion Corp.,LDC
exl1db01-vip.ilcb.tcprod.local,10.80.27.42,0,ICMP,,Unknown,EXADATA
exl1db02-vip.ilcb.tcprod.local,10.80.27.44,0,ICMP,,Unknown,EXADATA
exl1db03-vip.ilcb.tcprod.local,10.80.27.46,0,ICMP,,Unknown,EXADATA
exl1db04-vip.ilcb.tcprod.local,10.80.27.48,0,ICMP,,Unknown,EXADATA
BCN-Colt-Inet-bkp,80.169.78.97,1,ICMP,,Unknown,BCN
NYC-WAN-RTR02-Meraki,10.55.8.22,1,SNMPV2,notpublic79,Cisco,NYC
QTS-Internet-Link-2,209.10.130.102,0,ICMP,,Unknown,QTS
SCH-MPLS-RTR01,10.50.4.9,1,SNMPV2,notpublic79,Cisco,SCH
SCH-Level3-Backup-Internet-Link,204.245.6.146,0,ICMP,,Unknown,SCH
ATL-Office-Inet-Level3-Link-Backup,67.17.192.6,1,ICMP,,Unknown,ATL
LDC-FW01-Appdb,10.80.0.65,1,SNMPV2,notpublic79,Cisco,LDC
sng-access-sw03,10.55.65.7,1,SNMPV2,notpublic79,Cisco,SNG
ADC-VWAAS-ACCL,10.30.2.70,1,SNMPV2,notpublic79,Cisco,ADC
LDC-VWAAS-ACCL,10.80.2.70,1,SNMPV2,notpublic79,Cisco,LDC
ADC-WAASL01-CM,10.30.29.20,1,SNMPV2,notpublic79,Cisco,ADC
ADC-D-RTR01-ESX-HOST,10.30.2.66,0,ICMP,,VMware Inc.,ADC
ADC-ACS01,10.30.136.75,1,SNMPV2,notpublic79,Cisco,QTS
LDC-ACS01,10.80.136.75,1,SNMPV2,notpublic79,Cisco,LDC
c240atl01.gain.tcprod.local,10.30.136.73,0,SNMPV2,notpublic79,Cisco,ADC
MEL-INETFW01-1/sec,10.55.80.18,1,SNMPV2,notpublic79,Cisco,MEL
LDC-UCS02-EXT-MGMT-01,10.80.137.101,1,SNMPV2,notpublic79,American Power Conversion Corp.,LDC
LDC-UCS02-EXT-MGMT-02,10.80.137.102,1,SNMPV2,notpublic79,American Power Conversion Corp.,LDC
LDC-UCS02-EXT-MGMT-03,10.80.137.103,1,SNMPV2,notpublic79,American Power Conversion Corp.,LDC
LDC-UCS02-EXT-MGMT-04,10.80.137.104,1,SNMPV2,notpublic79,American Power Conversion Corp.,LDC
LDC-UCS02-EXT-MGMT-07,10.80.137.107,1,SNMPV2,notpublic79,American Power Conversion Corp.,LDC
LDC-UCS02-EXT-MGMT-11,10.80.137.111,1,SNMPV2,notpublic79,American Power Conversion Corp.,LDC
LDC-UCS02-EXT-MGMT-13,10.80.137.113,1,SNMPV2,notpublic79,American Power Conversion Corp.,LDC
LDC-UCS02-EXT-MGMT-14,10.80.137.114,1,SNMPV2,notpublic79,American Power Conversion Corp.,LDC
LDC-UCS02-EXT-MGMT-12,10.80.137.112,1,SNMPV2,notpublic79,American Power Conversion Corp.,LDC
LDC-UCS02-EXT-MGMT-06,10.80.137.106,0,SNMPV2,notpublic79,Unknown,LDC
ORL-SW04-Meraki,10.55.49.180,0,SNMPV2,notpublic79,"Meraki Networks, Inc.",Orlando
buc-d-rtr01.travelclick.com,10.55.104.9,1,SNMPV2,notpublic79,Cisco,BUC
BUC-INETFW01-Sec,10.55.104.81,1,SNMPV2,notpublic79,Cisco,BUC
sng-access-sw04,10.55.65.61,1,SNMPV2,notpublic79,Cisco,SNG
buc-d-rtr02.travelclick.com,10.30.1.118,1,SNMPV2,notpublic79,Cisco,ADC
par-d-rtr01.travelclick.com,10.55.96.9,1,SNMPV2,notpublic79,Cisco,PAR
par-d-rtr02.travelclick.com,10.55.96.58,1,SNMPV2,notpublic79,Cisco,PAR
par-coresw01,10.55.100.1,1,SNMPV2,notpublic79,Cisco,PAR
buc-coresw01,10.55.104.84,1,SNMPV2,notpublic79,Cisco,BUC
exl1-scan.ilcb.tcprod.local,10.80.27.49,0,ICMP,,Unknown,ExaData
exl1-scan.ilcb.tcprod.local,10.80.27.50,0,ICMP,,Unknown,EXADATA
exl1-scan.ilcb.tcprod.local,10.80.27.51,0,ICMP,,Unknown,ExaData
10.30.6.10,10.30.6.10,0,ICMP,,Unknown,ADC
10.30.6.22,10.30.6.22,0,ICMP,,Unknown,ADC
10.30.6.53,10.30.6.53,0,ICMP,,Unknown,ADC
10.80.6.10,10.80.6.10,0,ICMP,,Unknown,LDC
10.10.65.190,10.10.65.190,0,ICMP,,Unknown,LDC-Legacy
10.55.26.10,10.55.26.10,0,ICMP,,Unknown,ATL
ORL-Meraki-MX-10.55.48.11,10.55.48.11,0,SNMPV2,notpublic79,"Meraki Networks, Inc.",Orlando
10.55.33.10,10.55.33.10,0,ICMP,,Unknown,BCN
10.55.65.10,10.55.65.10,0,ICMP,,Unknown,SNG
BCNUPS1,10.55.33.57,0,SNMPV2,public,American Power Conversion Corp.,BCN
BCNUPS2,10.55.33.58,0,SNMPV2,public,American Power Conversion Corp.,BCN
BCNUPSVA158,10.55.33.59,0,SNMPV2,public,American Power Conversion Corp.,BCN
BUC-INETFW01-Pri,10.55.104.82,1,SNMPV2,notpublic79,Cisco,BUC
atlucs04-a.gain.tcprod.local,10.30.45.11,0,SNMPV2,notpublic79,Cisco,ADC
par-inetfw01-1.travelclick.net,10.55.96.82,1,SNMPV2,notpublic79,Cisco,PAR
LDC-DHISCO-RTR01,10.80.2.51,1,SNMPV2,notpublic79,Cisco,LDC
LDC-DHISCO-RTR02,10.80.2.52,1,SNMPV2,notpublic79,Cisco,LDC
LDC-DCI-RTR01,10.80.2.16,1,SNMPV2,notpublic79,Cisco,LDC
LDC-D-RTR01 DMVPN,10.80.140.74,1,SNMPV2,notpublic79,Cisco,LDC
ADC-DCI-RTR01 Level3,10.30.2.16,1,SNMPV2,notpublic79,Cisco,ADC
ADC-DCI-RTR01,10.30.51.10,1,SNMPV2,notpublic79,Cisco,ADC
SCH-D-RTR01.travelclick.com,10.30.1.15,1,SNMPV2,notpublic79,Cisco,ADC
NYC-WAN-RTR01.travelclick.net,10.30.1.7,1,SNMPV2,notpublic79,Cisco,ADC
lomucs04-A,10.80.45.11,0,SNMPV2,notpublic79,Cisco,LDC
lomucs04-B,10.80.45.12,1,SNMPV2,notpublic79,Cisco,LDC
lomucs03-B,10.80.44.12,1,SNMPV2,notpublic79,Cisco,LDC
atlucs04-b.gain.tcprod.local,10.30.45.12,0,SNMPV2,notpublic79,Cisco,ADC
buc-c-rtr01.travelclick.com,10.55.107.250,1,SNMPV2,notpublic79,Cisco,BUC
LDC-DCI-RTR01 Level3,10.80.51.10,1,SNMPV2,notpublic79,Cisco,LDC
LDC-D-RTR01 - ESXi,10.80.2.66,2,ICMP,,VMware Inc.,LDC
PAR-WLC01,10.55.99.200,1,SNMPV2,notpublic79,Cisco,PAR
par-c-rtr01.travelclick.com,10.55.99.250,1,SNMPV2,0rioNWr!t3c0mM,Cisco,PAR
par-access-SW01.travelclick.net,10.55.100.2,1,SNMPV2,notpublic79,Cisco,PAR
ORL-FW01PCI-PRI-(VoicePro),10.55.48.34,1,SNMPV2,notpublic79,Cisco,ORL
ORL-FW01PCI-SEC-(VoicePro),10.55.48.36,1,SNMPV2,notpublic79,Cisco,ORL
SCH-I-RTR,10.50.99.5,1,SNMPV2,notpublic79,Cisco,SCH
LDC-N9K-SERV-B,10.80.64.37,1,SNMPV2,notpublic79,Cisco,LDC
mtal01.gain.tcprod.local,10.30.3.11,0,ICMP,,Unknown,ADC
LDC-M-RTR02,10.80.2.25,1,SNMPV2,notpublic79,Cisco,LDC
LDC-VPN-FW05.travelclick.com,10.80.2.10,1,SNMPV2,notpublic79,Cisco,LDC
LDC-L43-MGMT-SW01,10.80.140.24,1,SNMPV2,notpublic79,Cisco,LDC
LDC-PREPROD-CORE3,192.168.100.136,1,SNMPV2,notpublic79,Cisco,LDC
LDC-PREPROD-CORE4,192.168.100.137,1,SNMPV2,notpublic79,Cisco,LDC
dvexa1sw-adm01.gain.tcprod.local,10.30.49.61,1,SNMPV2,public,Cisco,EXADATA
ADC-D-RTR01,199.167.217.4,1,SNMPV2,notpublic79,Cisco,ADC
ADC-CORE-SW01,10.30.3.2,1,SNMPV2,tcatldcqts4r0,Cisco,ADC
ADC-CORE-SW01,10.30.0.35,1,SNMPV2,tcatldcqts4r0,Cisco,ADC
ORL- UPS R4,10.55.49.121,0,ICMP,,Unknown,ORL
ORL- UPS R2,10.55.49.129,0,ICMP,,Unknown,NY
ORL- UPS R3,10.55.49.130,0,ICMP,,Unknown,ORL
apc907AE4-SCHUPS01,10.50.21.41,0,SNMPV2,public,American Power Conversion Corp.,SCH
apc907AF7-SCHUPS02,10.50.21.42,0,SNMPV2,public,American Power Conversion Corp.,SCH
ORL-DC01,10.55.51.21,2,ICMP,,Unknown,
dc01,10.30.137.203,2,ICMP,,Unknown,
DC02,10.30.137.204,2,ICMP,,Unknown,
10.30.12.5,10.30.12.5,0,ICMP,,Unknown,ADC Production VIP
10.30.12.6,10.30.12.6,0,ICMP,,Unknown,ADC Production VIP
10.30.12.20,10.30.12.20,0,ICMP,,Unknown,ADC Production VIP
10.30.12.23,10.30.12.23,0,ICMP,,Unknown,ADC Production VIP
10.30.12.30,10.30.12.30,0,ICMP,,Unknown,ADC Production VIP
10.30.12.36,10.30.12.36,0,ICMP,,Unknown,ADC Production VIP
10.30.12.43,10.30.12.43,0,ICMP,,Unknown,ADC Production VIP
10.30.12.45,10.30.12.45,0,ICMP,,Unknown,ADC Production VIP
10.30.12.46,10.30.12.46,0,ICMP,,Unknown,ADC Production VIP
10.30.12.51,10.30.12.51,0,ICMP,,Unknown,ADC Production VIP
10.30.12.53,10.30.12.53,0,ICMP,,Unknown,ADC Production VIP
10.30.12.47,10.30.12.47,0,ICMP,,Unknown,ADC Production VIP
10.30.12.50,10.30.12.50,0,ICMP,,Unknown,ADC Production VIP
10.30.12.54,10.30.12.54,0,ICMP,,Unknown,ADC Production VIP
10.30.12.55,10.30.12.55,0,ICMP,,Unknown,ADC Production VIP
10.30.12.57,10.30.12.57,0,ICMP,,Unknown,ADC Production VIP
10.30.12.58,10.30.12.58,0,ICMP,,Unknown,ADC Production VIP
10.30.12.59,10.30.12.59,0,ICMP,,Unknown,ADC Production VIP
10.30.12.60,10.30.12.60,0,ICMP,,Unknown,ADC Production VIP
10.30.12.61,10.30.12.61,0,ICMP,,Unknown,ADC Production VIP
10.30.12.62,10.30.12.62,0,ICMP,,Unknown,ADC Production VIP
10.30.12.56,10.30.12.56,0,ICMP,,Unknown,ADC Production VIP
10.30.12.65,10.30.12.65,0,ICMP,,Unknown,ADC Production VIP
10.30.12.66,10.30.12.66,0,ICMP,,Unknown,ADC Production VIP
10.30.12.67,10.30.12.67,0,ICMP,,Unknown,ADC Production VIP
10.30.12.68,10.30.12.68,0,ICMP,,Unknown,ADC Production VIP
10.30.12.69,10.30.12.69,0,ICMP,,Unknown,ADC Production VIP
mta.gain.tcprod.local,10.30.12.63,0,ICMP,,Unknown,ADC Production VIP
10.30.12.64,10.30.12.64,0,ICMP,,Unknown,ADC Production VIP
10.30.12.70,10.30.12.70,0,ICMP,,Unknown,ADC Production VIP
10.30.12.71,10.30.12.71,0,ICMP,,Unknown,ADC Production VIP
10.30.12.73,10.30.12.73,0,ICMP,,Unknown,ADC Production VIP
10.30.12.77,10.30.12.77,0,ICMP,,Unknown,ADC Production VIP
10.30.12.78,10.30.12.78,0,ICMP,,Unknown,ADC Production VIP
10.30.12.79,10.30.12.79,0,ICMP,,Unknown,ADC Production VIP
10.30.12.84,10.30.12.84,0,ICMP,,Unknown,ADC Production VIP
10.30.12.86,10.30.12.86,0,ICMP,,Unknown,ADC Production VIP
10.30.12.88,10.30.12.88,0,ICMP,,Unknown,ADC Production VIP
10.30.12.92,10.30.12.92,0,ICMP,,Unknown,ADC Production VIP
10.30.12.75,10.30.12.75,0,ICMP,,Unknown,ADC Production VIP
10.30.12.76,10.30.12.76,0,ICMP,,Unknown,ADC Production VIP
10.30.12.85,10.30.12.85,0,ICMP,,Unknown,ADC Production VIP
10.30.12.90,10.30.12.90,0,ICMP,,Unknown,ADC Production VIP
10.30.12.91,10.30.12.91,0,ICMP,,Unknown,ADC Production VIP
10.30.12.94,10.30.12.94,0,ICMP,,Unknown,ADC Production VIP
10.30.12.95,10.30.12.95,0,ICMP,,Unknown,ADC Production VIP
10.30.12.100,10.30.12.100,0,ICMP,,Unknown,ADC Production VIP
online-toolbox.tcprod.local,10.30.12.101,0,ICMP,,Unknown,ADC Production VIP
10.30.12.102,10.30.12.102,0,ICMP,,Unknown,ADC Production VIP
10.30.12.103,10.30.12.103,0,ICMP,,Unknown,ADC Production VIP
10.30.12.106,10.30.12.106,0,ICMP,,Unknown,ADC Production VIP
10.30.12.107,10.30.12.107,0,ICMP,,Unknown,ADC Production VIP
10.30.12.110,10.30.12.110,0,ICMP,,Unknown,ADC Production VIP
10.30.12.113,10.30.12.113,0,ICMP,,Unknown,ADC Production VIP
10.30.12.114,10.30.12.114,0,ICMP,,Unknown,ADC Production VIP
10.30.12.115,10.30.12.115,0,ICMP,,Unknown,ADC Production VIP
10.30.12.117,10.30.12.117,0,ICMP,,Unknown,ADC Production VIP
10.30.12.139,10.30.12.139,0,ICMP,,Unknown,ADC Production VIP
10.30.12.140,10.30.12.140,0,ICMP,,Unknown,ADC Production VIP
10.30.12.141,10.30.12.141,0,ICMP,,Unknown,ADC Production VIP
10.30.12.143,10.30.12.143,0,ICMP,,Unknown,ADC Production VIP
10.30.12.145,10.30.12.145,0,ICMP,,Unknown,ADC Production VIP
10.30.12.146,10.30.12.146,0,ICMP,,Unknown,ADC Production VIP
grafana.tcprod.local,10.30.12.104,0,ICMP,,Unknown,ADC Production VIP
mta.tcprod.local,10.30.12.105,0,ICMP,,Unknown,ADC Production VIP
10.30.12.109,10.30.12.109,0,ICMP,,Unknown,ADC Production VIP
10.30.12.118,10.30.12.118,0,ICMP,,Unknown,ADC Production VIP
10.30.12.138,10.30.12.138,0,ICMP,,Unknown,ADC Production VIP
10.30.12.150,10.30.12.150,0,ICMP,,Unknown,ADC Production VIP
10.30.12.151,10.30.12.151,0,ICMP,,Unknown,ADC Production VIP
10.30.12.119,10.30.12.119,0,ICMP,,Unknown,ADC Production VIP
10.30.12.155,10.30.12.155,0,ICMP,,Unknown,ADC Production VIP
10.30.12.98,10.30.12.98,0,ICMP,,Unknown,ADC Production VIP
10.30.12.99,10.30.12.99,0,ICMP,,Unknown,ADC Production VIP
10.30.12.181,10.30.12.181,0,ICMP,,Unknown,ADC Production VIP
10.30.12.182,10.30.12.182,0,ICMP,,Unknown,ADC Production VIP
10.30.12.183,10.30.12.183,0,ICMP,,Unknown,ADC Production VIP
10.30.12.184,10.30.12.184,0,ICMP,,Unknown,ADC Production VIP
10.30.12.193,10.30.12.193,0,ICMP,,Unknown,ADC Production VIP
10.30.12.199,10.30.12.199,0,ICMP,,Unknown,ADC Production VIP
10.30.12.201,10.30.12.201,0,ICMP,,Unknown,ADC Production VIP
10.30.12.210,10.30.12.210,0,ICMP,,Unknown,ADC Production VIP
10.30.12.211,10.30.12.211,0,ICMP,,Unknown,ADC Production VIP
10.30.12.212,10.30.12.212,0,ICMP,,Unknown,ADC Production VIP
10.30.12.213,10.30.12.213,0,ICMP,,Unknown,ADC Production VIP
10.30.12.228,10.30.12.228,0,ICMP,,Unknown,ADC Production VIP
10.30.12.229,10.30.12.229,0,ICMP,,Unknown,ADC Production VIP
10.30.12.250,10.30.12.250,0,ICMP,,Unknown,ADC Production VIP
10.30.12.249,10.30.12.249,0,ICMP,,Unknown,ADC Production VIP
10.30.12.128,10.30.12.128,0,ICMP,,Unknown,ADC Production VIP
ota-perf.ihotelier.com,10.30.72.3,0,ICMP,,Unknown,ADC Dev VIPs
admin-perf.ihotelier.com,10.30.72.5,0,ICMP,,Unknown,ADC Dev VIPs
callcenter15-perf.ihotelier.com,10.30.72.6,0,ICMP,,Unknown,ADC Dev VIPs
console-perf.ihotelier.com,10.30.72.7,0,ICMP,,Unknown,ADC Dev VIPs
m-perf.ihotelier.com,10.30.72.8,0,ICMP,,Unknown,ADC Dev VIPs
bookings-perf.ihotelier.com,10.30.72.9,0,ICMP,,Unknown,ADC Dev VIPs
10.30.72.10,10.30.72.10,0,ICMP,,Unknown,ADC Dev VIPs
gap-api-perf.ihotelier.com,10.30.72.11,0,ICMP,,Unknown,ADC Dev VIPs
reservations-perf.ihotelier.com,10.30.72.13,0,ICMP,,Unknown,ADC Dev VIPs
imanager-perf.ihotelier.com,10.30.72.14,0,ICMP,,Unknown,ADC Dev VIPs
ota2-perf.ihotelier.com,10.30.72.15,0,ICMP,,Unknown,ADC Dev VIPs
admin-p1.ihotelier.com,10.30.72.16,0,ICMP,,Unknown,ADC Dev VIPs
imanager-p1.ihotelier.com,10.30.72.17,0,ICMP,,Unknown,ADC Dev VIPs
reservations-p1.ihotelier.com,10.30.72.19,0,ICMP,,Unknown,ADC Dev VIPs
bookings-p1.ihotelier.com,10.30.72.20,0,ICMP,,Unknown,ADC Dev VIPs
callcenter15-p1.ihotelier.com,10.30.72.21,0,ICMP,,Unknown,ADC Dev VIPs
booking-p1.ihotelier.com,10.30.72.22,0,ICMP,,Unknown,ADC Dev VIPs
mobile-p1.ihotelier.com,10.30.72.23,0,ICMP,,Unknown,ADC Dev VIPs
m-p1.ihotelier.com,10.30.72.24,0,ICMP,,Unknown,ADC Dev VIPs
console-p1.ihotelier.com,10.30.72.25,0,ICMP,,Unknown,ADC Dev VIPs
c2capi-p1.ihotelier.com,10.30.72.28,0,ICMP,,Unknown,ADC Dev VIPs
c2capi-t5.ihotelier.com,10.30.72.29,0,ICMP,,Unknown,ADC Dev VIPs
c2capi-t6.ihotelier.com,10.30.72.30,0,ICMP,,Unknown,ADC Dev VIPs
c2cconsole-p1.ihotelier.com,10.30.72.31,0,ICMP,,Unknown,ADC Dev VIPs
c2cconsole-t5.ihotelier.com,10.30.72.32,0,ICMP,,Unknown,ADC Dev VIPs
c2cconsole-t6.ihotelier.com,10.30.72.33,0,ICMP,,Unknown,ADC Dev VIPs
10.30.72.36,10.30.72.36,0,ICMP,,Unknown,ADC Dev VIPs
10.30.72.37,10.30.72.37,0,ICMP,,Unknown,ADC Dev VIPs
10.30.72.39,10.30.72.39,0,ICMP,,Unknown,ADC Dev VIPs
10.30.72.26,10.30.72.26,0,ICMP,,Unknown,ADC Dev VIPs
10.30.72.27,10.30.72.27,0,ICMP,,Unknown,ADC Dev VIPs
10.30.72.34,10.30.72.34,0,ICMP,,Unknown,ADC Dev VIPs
booking-perf.ihotelier.com,10.30.72.4,0,ICMP,,Unknown,ADC Dev VIPs
10.30.72.40,10.30.72.40,0,ICMP,,Unknown,ADC Dev VIPs
10.30.72.41,10.30.72.41,0,ICMP,,Unknown,ADC Dev VIPs
c2capi-perf.ihotelier.com,10.30.72.43,0,ICMP,,Unknown,ADC Dev VIPs
10.30.72.45,10.30.72.45,0,ICMP,,Unknown,ADC Dev VIPs
10.30.72.47,10.30.72.47,0,ICMP,,Unknown,ADC Dev VIPs
10.30.72.48,10.30.72.48,0,ICMP,,Unknown,ADC Dev VIPs
10.30.72.51,10.30.72.51,0,ICMP,,Unknown,ADC Dev VIPs
10.30.72.52,10.30.72.52,0,ICMP,,Unknown,ADC Dev VIPs
10.30.72.54,10.30.72.54,0,ICMP,,Unknown,ADC Dev VIPs
10.30.72.55,10.30.72.55,0,ICMP,,Unknown,ADC Dev VIPs
10.30.72.56,10.30.72.56,0,ICMP,,Unknown,ADC Dev VIPs
10.30.72.57,10.30.72.57,0,ICMP,,Unknown,ADC Dev VIPs
10.30.72.58,10.30.72.58,0,ICMP,,Unknown,ADC Dev VIPs
10.30.72.59,10.30.72.59,0,ICMP,,Unknown,ADC Dev VIPs
10.30.72.60,10.30.72.60,0,ICMP,,Unknown,ADC Dev VIPs
10.30.72.61,10.30.72.61,0,ICMP,,Unknown,ADC Dev VIPs
10.30.72.62,10.30.72.62,0,ICMP,,Unknown,ADC Dev VIPs
10.30.72.64,10.30.72.64,0,ICMP,,Unknown,ADC Dev VIPs
10.30.72.65,10.30.72.65,0,ICMP,,Unknown,ADC Dev VIPs
10.30.72.66,10.30.72.66,0,ICMP,,Unknown,ADC Dev VIPs
10.30.72.67,10.30.72.67,0,ICMP,,Unknown,ADC Dev VIPs
10.30.72.68,10.30.72.68,0,ICMP,,Unknown,ADC Dev VIPs
10.30.72.69,10.30.72.69,0,ICMP,,Unknown,ADC Dev VIPs
10.30.72.70,10.30.72.70,0,ICMP,,Unknown,ADC Dev VIPs
10.30.72.71,10.30.72.71,0,ICMP,,Unknown,ADC Dev VIPs
10.30.72.72,10.30.72.72,0,ICMP,,Unknown,ADC Dev VIPs
10.30.72.73,10.30.72.73,0,ICMP,,Unknown,ADC Dev VIPs
10.30.72.74,10.30.72.74,0,ICMP,,Unknown,ADC Dev VIPs
10.30.72.78,10.30.72.78,0,ICMP,,Unknown,ADC Dev VIPs
10.30.72.79,10.30.72.79,0,ICMP,,Unknown,ADC Dev VIPs
10.30.72.80,10.30.72.80,0,ICMP,,Unknown,ADC Dev VIPs
10.30.72.81,10.30.72.81,0,ICMP,,Unknown,ADC Dev VIPs
10.30.72.82,10.30.72.82,0,ICMP,,Unknown,ADC Dev VIPs
10.30.72.83,10.30.72.83,0,ICMP,,Unknown,ADC Dev VIPs
10.30.72.85,10.30.72.85,0,ICMP,,Unknown,ADC Dev VIPs
10.30.72.86,10.30.72.86,0,ICMP,,Unknown,ADC Dev VIPs
10.30.72.87,10.30.72.87,0,ICMP,,Unknown,ADC Dev VIPs
10.30.72.88,10.30.72.88,0,ICMP,,Unknown,ADC Dev VIPs
10.30.72.89,10.30.72.89,0,ICMP,,Unknown,ADC Dev VIPs
10.30.72.90,10.30.72.90,0,ICMP,,Unknown,ADC Dev VIPs
10.30.72.91,10.30.72.91,0,ICMP,,Unknown,ADC Dev VIPs
10.30.72.92,10.30.72.92,0,ICMP,,Unknown,ADC Dev VIPs
10.30.72.95,10.30.72.95,0,ICMP,,Unknown,ADC Dev VIPs
10.30.72.96,10.30.72.96,0,ICMP,,Unknown,ADC Dev VIPs
soapapi-test.ihotelier.com,10.30.72.97,0,ICMP,,Unknown,ADC Dev VIPs
10.30.72.98,10.30.72.98,0,ICMP,,Unknown,ADC Dev VIPs
10.30.72.99,10.30.72.99,0,ICMP,,Unknown,ADC Dev VIPs
10.30.72.101,10.30.72.101,0,ICMP,,Unknown,ADC Dev VIPs
ota2-p1.ihotelier.com,10.30.72.112,0,ICMP,,Unknown,ADC Dev VIPs
connect-p1.ihotelier.com,10.30.72.113,0,ICMP,,Unknown,ADC Dev VIPs
pms-p1.ihotelier.com,10.30.72.115,0,ICMP,,Unknown,ADC Dev VIPs
10.30.72.117,10.30.72.117,0,ICMP,,Unknown,ADC Dev VIPs
10.30.72.118,10.30.72.118,0,ICMP,,Unknown,ADC Dev VIPs
10.30.72.119,10.30.72.119,0,ICMP,,Unknown,ADC Dev VIPs
10.30.72.120,10.30.72.120,0,ICMP,,Unknown,ADC Dev VIPs
10.30.72.121,10.30.72.121,0,ICMP,,Unknown,ADC Dev VIPs
10.30.72.122,10.30.72.122,0,ICMP,,Unknown,ADC Dev VIPs
10.30.72.123,10.30.72.123,0,ICMP,,Unknown,ADC Dev VIPs
10.30.72.124,10.30.72.124,0,ICMP,,Unknown,ADC Dev VIPs
10.30.72.125,10.30.72.125,0,ICMP,,Unknown,ADC Dev VIPs
10.30.72.126,10.30.72.126,0,ICMP,,Unknown,ADC Dev VIPs
10.30.72.127,10.30.72.127,0,ICMP,,Unknown,ADC Dev VIPs
10.30.72.128,10.30.72.128,0,ICMP,,Unknown,ADC Dev VIPs
10.30.72.42,10.30.72.42,0,ICMP,,Unknown,ADC Dev VIPs
10.30.72.53,10.30.72.53,0,ICMP,,Unknown,ADC Dev VIPs
10.30.72.76,10.30.72.76,0,ICMP,,Unknown,ADC Dev VIPs
10.30.72.77,10.30.72.77,0,ICMP,,Unknown,ADC Dev VIPs
10.30.72.110,10.30.72.110,0,ICMP,,Unknown,ADC Dev VIPs
10.30.72.116,10.30.72.116,0,ICMP,,Unknown,ADC Dev VIPs
cmelastic-d1.gain.tcprod.local,10.30.72.46,0,ICMP,,Unknown,ADC Dev VIPs
c2cconsole-perf.ihotelier.com,10.30.72.50,0,ICMP,,Unknown,ADC Dev VIPs
10.30.72.132,10.30.72.132,0,ICMP,,Unknown,ADC Dev VIPs
api-ihos-p1.ihotelier.com,10.30.72.129,0,ICMP,,Unknown,ADC Dev VIPs
10.30.72.75,10.30.72.75,0,ICMP,,Unknown,ADC Dev VIPs
10.30.72.84,10.30.72.84,0,ICMP,,Unknown,ADC Dev VIPs
10.30.72.93,10.30.72.93,0,ICMP,,Unknown,ADC Dev VIPs
10.30.72.94,10.30.72.94,0,ICMP,,Unknown,ADC Dev VIPs
10.30.72.133,10.30.72.133,0,ICMP,,Unknown,ADC Dev VIPs
10.30.72.134,10.30.72.134,0,ICMP,,Unknown,ADC Dev VIPs
10.30.72.135,10.30.72.135,0,ICMP,,Unknown,ADC Dev VIPs
10.30.72.138,10.30.72.138,0,ICMP,,Unknown,ADC Dev VIPs
10.30.72.139,10.30.72.139,0,ICMP,,Unknown,ADC Dev VIPs
10.30.72.141,10.30.72.141,0,ICMP,,Unknown,ADC Dev VIPs
10.30.72.142,10.30.72.142,0,ICMP,,Unknown,ADC Dev VIPs
10.30.72.143,10.30.72.143,0,ICMP,,Unknown,ADC Dev VIPs
10.30.72.144,10.30.72.144,0,ICMP,,Unknown,ADC Dev VIPs
10.30.72.145,10.30.72.145,0,ICMP,,Unknown,ADC Dev VIPs
10.30.72.150,10.30.72.150,0,ICMP,,Unknown,ADC Dev VIPs
10.30.72.152,10.30.72.152,0,ICMP,,Unknown,ADC Dev VIPs
10.30.72.155,10.30.72.155,0,ICMP,,Unknown,ADC Dev VIPs
10.30.72.156,10.30.72.156,0,ICMP,,Unknown,ADC Dev VIPs
10.30.72.157,10.30.72.157,0,ICMP,,Unknown,ADC Dev VIPs
10.30.72.158,10.30.72.158,0,ICMP,,Unknown,ADC Dev VIPs
10.30.72.159,10.30.72.159,0,ICMP,,Unknown,ADC Dev VIPs
10.30.72.160,10.30.72.160,0,ICMP,,Unknown,ADC Dev VIPs
10.30.72.162,10.30.72.162,0,ICMP,,Unknown,ADC Dev VIPs
10.30.72.164,10.30.72.164,0,ICMP,,Unknown,ADC Dev VIPs
10.30.72.165,10.30.72.165,0,ICMP,,Unknown,ADC Dev VIPs
10.30.72.166,10.30.72.166,0,ICMP,,Unknown,ADC Dev VIPs
10.30.72.170,10.30.72.170,0,ICMP,,Unknown,ADC Dev VIPs
10.30.72.171,10.30.72.171,0,ICMP,,Unknown,ADC Dev VIPs
10.30.72.163,10.30.72.163,0,ICMP,,Unknown,ADC Dev VIPs
10.30.72.167,10.30.72.167,0,ICMP,,Unknown,ADC Dev VIPs
10.30.72.168,10.30.72.168,0,ICMP,,Unknown,ADC Dev VIPs
10.30.72.176,10.30.72.176,0,ICMP,,Unknown,ADC Dev VIPs
10.30.72.175,10.30.72.175,0,ICMP,,Unknown,ADC Dev VIPs
10.30.72.177,10.30.72.177,0,ICMP,,Unknown,ADC Dev VIPs
10.30.72.193,10.30.72.193,0,ICMP,,Unknown,ADC Dev VIPs
d1.tcgms.net,10.30.72.200,0,ICMP,,Unknown,ADC Dev VIPs
d1.zdirect.com,10.30.72.201,0,ICMP,,Unknown,ADC Dev VIPs
10.30.72.202,10.30.72.202,0,ICMP,,Unknown,ADC Dev VIPs
10.30.72.203,10.30.72.203,0,ICMP,,Unknown,ADC Dev VIPs
d1.rezqueue.com,10.30.72.204,0,ICMP,,Unknown,ADC Dev VIPs
10.30.72.209,10.30.72.209,0,ICMP,,Unknown,ADC Dev VIPs
10.30.72.216,10.30.72.216,0,ICMP,,Unknown,ADC Dev VIPs
10.30.72.225,10.30.72.225,0,ICMP,,Unknown,ADC Dev VIPs
10.30.72.245,10.30.72.245,0,ICMP,,Unknown,ADC Dev VIPs
10.30.72.250,10.30.72.250,0,ICMP,,Unknown,ADC Dev VIPs
10.30.72.205,10.30.72.205,0,ICMP,,Unknown,ADC Dev VIPs
10.30.72.206,10.30.72.206,0,ICMP,,Unknown,ADC Dev VIPs
10.30.72.207,10.30.72.207,0,ICMP,,Unknown,ADC Dev VIPs
10.80.12.25,10.80.12.25,0,ICMP,,Unknown,LDC Production VIP
10.80.12.30,10.80.12.30,0,ICMP,,Unknown,LDC Production VIP
connectlegacy.ihotelier.com,10.80.12.41,0,ICMP,,Unknown,LDC Production VIP
gap-api.ihotelier.com,10.80.12.45,0,ICMP,,Unknown,LDC Production VIP
gap-api-t5.ihotelier.com,10.80.12.46,0,ICMP,,Unknown,LDC Production VIP
10.80.12.43,10.80.12.43,0,ICMP,,Unknown,LDC Production VIP
10.80.12.44,10.80.12.44,0,ICMP,,Unknown,LDC Production VIP
gap-api-t6.ihotelier.com,10.80.12.47,0,ICMP,,Unknown,LDC Production VIP
10.80.12.49,10.80.12.49,0,ICMP,,Unknown,LDC Production VIP
10.80.12.50,10.80.12.50,0,ICMP,,Unknown,LDC Production VIP
callcenter-temp.ihotelier.com,10.80.12.51,0,ICMP,,Unknown,LDC Production VIP
10.80.12.52,10.80.12.52,0,ICMP,,Unknown,LDC Production VIP
10.80.12.53,10.80.12.53,0,ICMP,,Unknown,LDC Production VIP
10.80.12.54,10.80.12.54,0,ICMP,,Unknown,LDC Production VIP
10.80.12.55,10.80.12.55,0,ICMP,,Unknown,LDC Production VIP
10.80.12.56,10.80.12.56,0,ICMP,,Unknown,LDC Production VIP
10.30.72.254,10.30.72.254,0,ICMP,,Unknown,ADC Dev VIPs
10.30.72.151,10.30.72.151,0,ICMP,,Unknown,ADC Dev VIPs
10.80.12.57,10.80.12.57,0,ICMP,,Unknown,LDC Production VIP
10.80.12.58,10.80.12.58,0,ICMP,,Unknown,LDC Production VIP
10.80.12.59,10.80.12.59,0,ICMP,,Unknown,LDC Production VIP
10.80.12.60,10.80.12.60,0,ICMP,,Unknown,LDC Production VIP
10.80.12.61,10.80.12.61,0,ICMP,,Unknown,LDC Production VIP
10.80.12.63,10.80.12.63,0,ICMP,,Unknown,LDC Production VIP
10.80.12.70,10.80.12.70,0,ICMP,,Unknown,LDC Production VIP
10.80.12.71,10.80.12.71,0,ICMP,,Unknown,LDC Production VIP
10.80.12.72,10.80.12.72,0,ICMP,,Unknown,LDC Production VIP
10.30.72.208,10.30.72.208,0,ICMP,,Unknown,ADC Dev VIPs
10.80.12.73,10.80.12.73,0,ICMP,,Unknown,LDC Production VIP
c2cconsole.ihotelier.com,10.80.12.75,0,ICMP,,Unknown,LDC Production VIP
connect.ihotelier.com,10.80.12.77,0,ICMP,,Unknown,LDC Production VIP
10.80.12.78,10.80.12.78,0,ICMP,,Unknown,LDC Production VIP
10.80.12.80,10.80.12.80,0,ICMP,,Unknown,LDC Production VIP
10.80.12.83,10.80.12.83,0,ICMP,,Unknown,LDC Production VIP
admin-scraper.ihotelier.com,10.80.12.86,0,ICMP,,Unknown,LDC Production VIP
10.80.12.88,10.80.12.88,0,ICMP,,Unknown,LDC Production VIP
proxy.ilcb.tcprod.local,10.80.12.90,0,ICMP,,Unknown,LDC
10.80.12.92,10.80.12.92,0,ICMP,,Unknown,LDC Production VIP
10.80.12.93,10.80.12.93,0,ICMP,,Unknown,LDC Production VIP
10.80.12.97,10.80.12.97,0,ICMP,,Unknown,LDC Production VIP
10.80.12.98,10.80.12.98,0,ICMP,,Unknown,LDC Production VIP
10.80.12.101,10.80.12.101,0,ICMP,,Unknown,LDC Production VIP
10.80.12.102,10.80.12.102,0,ICMP,,Unknown,LDC Production VIP
10.80.12.100,10.80.12.100,0,ICMP,,Unknown,LDC Production VIP
res-t4.ihotelier.com,10.80.12.113,0,ICMP,,Unknown,LDC
res-t5.ihotelier.com,10.80.12.114,0,ICMP,,Unknown,LDC
res-t6.ihotelier.com,10.80.12.115,0,ICMP,,Unknown,LDC
10.80.12.120,10.80.12.120,0,ICMP,,Unknown,LDC Production VIP
10.80.12.121,10.80.12.121,0,ICMP,,Unknown,LDC Production VIP
10.80.12.125,10.80.12.125,0,ICMP,,Unknown,LDC Production VIP
10.80.12.126,10.80.12.126,0,ICMP,,Unknown,LDC Production VIP
10.80.12.111,10.80.12.111,0,ICMP,,Unknown,LDC Production VIP
10.80.12.131,10.80.12.131,0,ICMP,,Unknown,LDC Production VIP
10.80.12.132,10.80.12.132,0,ICMP,,Unknown,LDC Production VIP
origin-images.tcgms.net,10.80.12.140,0,ICMP,,Unknown,LDC
10.80.12.141,10.80.12.141,0,ICMP,,Unknown,LDC Production VIP
10.80.12.142,10.80.12.142,0,ICMP,,Unknown,LDC Production VIP
10.80.12.143,10.80.12.143,0,ICMP,,Unknown,LDC Production VIP
10.80.12.144,10.80.12.144,0,ICMP,,Unknown,LDC Production VIP
10.80.12.149,10.80.12.149,0,ICMP,,Unknown,LDC Production VIP
10.80.12.145,10.80.12.145,0,ICMP,,Unknown,LDC Production VIP
10.80.12.146,10.80.12.146,0,ICMP,,Unknown,LDC Production VIP
10.80.12.147,10.80.12.147,0,ICMP,,Unknown,LDC Production VIP
imanager-ebs.ihotelier.com,10.80.12.153,0,ICMP,,Unknown,LDC Production VIP
10.80.12.81,10.80.12.81,0,ICMP,,Unknown,LDC Production VIP
adminbeta-t5.ihotelier.com,10.80.12.160,0,ICMP,,Unknown,LDC Production VIP
10.80.12.161,10.80.12.161,0,ICMP,,Unknown,LDC Production VIP
legacyconnect.ihotelier.com,10.80.12.162,0,ICMP,,Unknown,LDC
10.80.12.175,10.80.12.175,0,ICMP,,Unknown,LDC Production VIP
10.80.12.179,10.80.12.179,0,ICMP,,Unknown,LDC Production VIP
csgateway.ihotelier.com,10.80.12.180,0,ICMP,,Unknown,LDC Production VIP
10.80.12.192,10.80.12.192,0,ICMP,,Unknown,LDC Production VIP
10.80.12.193,10.80.12.193,0,ICMP,,Unknown,LDC Production VIP
pricing.ihotelier.com,10.80.12.195,0,ICMP,,Unknown,LDC
10.80.12.201,10.80.12.201,0,ICMP,,Unknown,LDC Production VIP
10.80.12.202,10.80.12.202,0,ICMP,,Unknown,LDC Production VIP
10.80.12.203,10.80.12.203,0,ICMP,,Unknown,LDC Production VIP
api-ihos.ihotelier.com,10.80.12.221,0,ICMP,,Unknown,LDC Dev VIP
10.80.12.222,10.80.12.222,0,ICMP,,Unknown,LDC Production VIP
10.80.12.228,10.80.12.228,0,ICMP,,Unknown,LDC Production VIP
10.80.12.242,10.80.12.242,0,ICMP,,Unknown,LDC Production VIP
10.80.72.3,10.80.72.3,0,ICMP,,Unknown,LDC Dev VIP
admin-t5.ihotelier.com,10.80.72.4,0,ICMP,,Unknown,LDC Dev VIP
admincf10.ihotelier.com,10.80.72.5,0,ICMP,,Unknown,LDC Dev VIP
origin-admin-t6.ihotelier.com,10.80.72.6,0,ICMP,,Unknown,LDC
10.80.72.7,10.80.72.7,0,ICMP,,Unknown,LDC Dev VIP
imanager-t4.ihotelier.com,10.80.72.8,0,ICMP,,Unknown,LDC Dev VIP
imanager-t5.ihotelier.com,10.80.72.9,0,ICMP,,Unknown,LDC Dev VIP
10.80.12.190,10.80.12.190,0,ICMP,,Unknown,LDC Production VIP
10.80.12.191,10.80.12.191,0,ICMP,,Unknown,LDC Production VIP
10.80.12.200,10.80.12.200,0,ICMP,,Unknown,LDC Production VIP
10.80.12.204,10.80.12.204,0,ICMP,,Unknown,LDC Production VIP
10.80.12.205,10.80.12.205,0,ICMP,,Unknown,LDC Production VIP
api-lead.ihotelier.com,10.80.12.215,0,ICMP,,Unknown,LDC Dev VIP
coreapi.ihotelier.com,10.80.12.223,0,ICMP,,Unknown,LDC Production VIP
imanager10.ihotelier.com,10.80.72.10,0,ICMP,,Unknown,LDC Dev VIP
imanager-t6.ihotelier.com,10.80.72.11,0,ICMP,,Unknown,LDC Dev VIP
10.80.72.12,10.80.72.12,0,ICMP,,Unknown,LDC Dev VIP
reservations-t4.ihotelier.com,10.80.72.14,0,ICMP,,Unknown,LDC
reservations-t6.ihotelier.com,10.80.72.15,0,ICMP,,Unknown,LDC
10.80.72.18,10.80.72.18,0,ICMP,,Unknown,LDC Dev VIP
bookings-t4.ihotelier.com,10.80.72.19,0,ICMP,,Unknown,LDC Dev VIP
pmscsecure-t5.ihotelier.com,10.80.72.20,0,ICMP,,Unknown,LDC
10.80.72.21,10.80.72.21,0,ICMP,,Unknown,LDC Dev VIP
10.80.72.22,10.80.72.22,0,ICMP,,Unknown,LDC Dev VIP
10.80.72.23,10.80.72.23,0,ICMP,,Unknown,LDC Dev VIP
10.80.72.24,10.80.72.24,0,ICMP,,Unknown,LDC Dev VIP
admin-t4.ihotelier.com,10.80.72.25,0,ICMP,,Unknown,LDC Dev VIP
booking-t6.ihotelier.com,10.80.72.26,0,ICMP,,Unknown,LDC Dev VIP
booking-t4.ihotelier.com,10.80.72.27,0,ICMP,,Unknown,LDC Dev VIP
10.80.72.28,10.80.72.28,0,ICMP,,Unknown,LDC Dev VIP
10.80.72.29,10.80.72.29,0,ICMP,,Unknown,LDC Dev VIP
10.80.72.31,10.80.72.31,0,ICMP,,Unknown,LDC Dev VIP
10.80.72.32,10.80.72.32,0,ICMP,,Unknown,LDC Dev VIP
pms-t5.ihotelier.com,10.80.72.33,0,ICMP,,Unknown,LDC
10.80.72.34,10.80.72.34,0,ICMP,,Unknown,LDC Dev VIP
10.80.72.35,10.80.72.35,0,ICMP,,Unknown,LDC Dev VIP
10.80.72.36,10.80.72.36,0,ICMP,,Unknown,LDC Dev VIP
10.80.72.37,10.80.72.37,0,ICMP,,Unknown,LDC Dev VIP
10.80.72.38,10.80.72.38,0,ICMP,,Unknown,LDC Dev VIP
10.80.72.39,10.80.72.39,0,ICMP,,Unknown,LDC Dev VIP
10.80.72.40,10.80.72.40,0,ICMP,,Unknown,LDC Dev VIP
origin-ota2-t5.ihotelier.com,10.80.72.41,0,ICMP,,Unknown,LDC
reservations-t5.ihotelier.com,10.80.72.45,0,ICMP,,Unknown,LDC
10.80.72.46,10.80.72.46,0,ICMP,,Unknown,LDC Dev VIP
10.80.72.47,10.80.72.47,0,ICMP,,Unknown,LDC Dev VIP
beta-admin-t5.ihotelier.com,10.80.72.48,0,ICMP,,Unknown,LDC Dev VIP
dev-booking.ihotelier.com,10.80.72.50,0,ICMP,,Unknown,LDC Dev VIP
10.80.72.51,10.80.72.51,0,ICMP,,Unknown,LDC Dev VIP
dev-bookings.ihotelier.com,10.80.72.54,0,ICMP,,Unknown,LDC Dev VIP
dev-mobile.ihotelier.com,10.80.72.60,0,ICMP,,Unknown,LDC Dev VIP
dev-console.ihotelier.com,10.80.72.61,0,ICMP,,Unknown,LDC Dev VIP
10.80.72.62,10.80.72.62,0,ICMP,,Unknown,LDC Dev VIP
10.80.72.65,10.80.72.65,0,ICMP,,Unknown,LDC Dev VIP
10.80.72.67,10.80.72.67,0,ICMP,,Unknown,LDC Dev VIP
uemenuapi-t5.ihotelier.com,10.80.72.69,0,ICMP,,Unknown,LDC
10.80.72.70,10.80.72.70,0,ICMP,,Unknown,LDC Dev VIP
10.80.72.59,10.80.72.59,0,ICMP,,Unknown,LDC Dev VIP
10.80.72.66,10.80.72.66,0,ICMP,,Unknown,LDC Dev VIP
uejwtapi-t5.ihotelier.com,10.80.72.68,0,ICMP,,Unknown,LDC
10.80.72.71,10.80.72.71,0,ICMP,,Unknown,LDC Dev VIP
10.80.72.72,10.80.72.72,0,ICMP,,Unknown,LDC Dev VIP
10.80.72.73,10.80.72.73,0,ICMP,,Unknown,LDC Dev VIP
10.80.72.74,10.80.72.74,0,ICMP,,Unknown,LDC Dev VIP
10.80.72.77,10.80.72.77,0,ICMP,,Unknown,LDC Dev VIP
callcenter15-t6.ihotelier.com,10.80.72.78,0,ICMP,,Unknown,LDC Dev VIP
mobile-t4.ihotelier.com,10.80.72.80,0,ICMP,,Unknown,LDC
callcenternew-t5.ihotelier.com,10.80.72.81,0,ICMP,,Unknown,LDC Dev VIP
10.80.72.83,10.80.72.83,0,ICMP,,Unknown,LDC Dev VIP
console-c1.ihotelier.com,10.80.72.84,0,ICMP,,Unknown,LDC Dev VIP
10.80.72.87,10.80.72.87,0,ICMP,,Unknown,LDC Dev VIP
10.80.72.88,10.80.72.88,0,ICMP,,Unknown,LDC Dev VIP
10.80.72.89,10.80.72.89,0,ICMP,,Unknown,LDC Dev VIP
10.80.72.90,10.80.72.90,0,ICMP,,Unknown,LDC Dev VIP
10.80.72.91,10.80.72.91,0,ICMP,,Unknown,LDC Dev VIP
10.80.72.92,10.80.72.92,0,ICMP,,Unknown,LDC Dev VIP
10.80.72.93,10.80.72.93,0,ICMP,,Unknown,LDC Dev VIP
10.80.72.94,10.80.72.94,0,ICMP,,Unknown,LDC Dev VIP
10.80.72.95,10.80.72.95,0,ICMP,,Unknown,LDC Dev VIP
10.80.72.96,10.80.72.96,0,ICMP,,Unknown,LDC Dev VIP
10.80.72.97,10.80.72.97,0,ICMP,,Unknown,LDC Dev VIP
10.80.72.100,10.80.72.100,0,ICMP,,Unknown,LDC Dev VIP
10.80.72.101,10.80.72.101,0,ICMP,,Unknown,LDC Dev VIP
10.80.72.113,10.80.72.113,0,ICMP,,Unknown,LDC Dev VIP
10.80.72.114,10.80.72.114,0,ICMP,,Unknown,LDC Dev VIP
10.80.72.115,10.80.72.115,0,ICMP,,Unknown,LDC Dev VIP
10.80.72.116,10.80.72.116,0,ICMP,,Unknown,LDC Dev VIP
10.80.72.117,10.80.72.117,0,ICMP,,Unknown,LDC Dev VIP
10.80.72.118,10.80.72.118,0,ICMP,,Unknown,LDC Dev VIP
10.80.72.119,10.80.72.119,0,ICMP,,Unknown,LDC Dev VIP
10.80.72.120,10.80.72.120,0,ICMP,,Unknown,LDC Dev VIP
10.80.72.121,10.80.72.121,0,ICMP,,Unknown,LDC Dev VIP
10.80.72.122,10.80.72.122,0,ICMP,,Unknown,LDC Dev VIP
10.80.72.123,10.80.72.123,0,ICMP,,Unknown,LDC Dev VIP
10.80.72.124,10.80.72.124,0,ICMP,,Unknown,LDC Dev VIP
10.80.72.125,10.80.72.125,0,ICMP,,Unknown,LDC Dev VIP
10.80.72.126,10.80.72.126,0,ICMP,,Unknown,LDC Dev VIP
10.80.72.127,10.80.72.127,0,ICMP,,Unknown,LDC Dev VIP
10.80.72.128,10.80.72.128,0,ICMP,,Unknown,LDC Dev VIP
gminbound.ilcb.tcprod.local,10.80.72.129,0,ICMP,,Unknown,LDC Dev VIP
10.80.72.130,10.80.72.130,0,ICMP,,Unknown,LDC Dev VIP
10.80.72.131,10.80.72.131,0,ICMP,,Unknown,LDC Dev VIP
10.80.72.132,10.80.72.132,0,ICMP,,Unknown,LDC Dev VIP
10.80.72.133,10.80.72.133,0,ICMP,,Unknown,LDC Dev VIP
10.80.72.134,10.80.72.134,0,ICMP,,Unknown,LDC Dev VIP
10.80.72.135,10.80.72.135,0,ICMP,,Unknown,LDC Dev VIP
10.80.72.136,10.80.72.136,0,ICMP,,Unknown,LDC Dev VIP
callcenter15-t4.ihotelier.com,10.80.72.139,0,ICMP,,Unknown,LDC Dev VIP
p1.tcgms.net,10.80.72.141,0,ICMP,,Unknown,LDC
p1.zdirect.com,10.80.72.142,0,ICMP,,Unknown,LDC
10.80.72.143,10.80.72.143,0,ICMP,,Unknown,LDC Dev VIP
10.80.72.144,10.80.72.144,0,ICMP,,Unknown,LDC Dev VIP
p1.rezqueue.com,10.80.72.145,0,ICMP,,Unknown,LDC
10.80.72.146,10.80.72.146,0,ICMP,,Unknown,LDC Dev VIP
10.80.72.147,10.80.72.147,0,ICMP,,Unknown,LDC Dev VIP
10.80.72.148,10.80.72.148,0,ICMP,,Unknown,LDC Dev VIP
10.80.72.149,10.80.72.149,0,ICMP,,Unknown,LDC Dev VIP
10.80.72.150,10.80.72.150,0,ICMP,,Unknown,LDC Dev VIP
10.80.72.151,10.80.72.151,0,ICMP,,Unknown,LDC Dev VIP
10.80.72.152,10.80.72.152,0,ICMP,,Unknown,LDC Dev VIP
10.80.72.153,10.80.72.153,0,ICMP,,Unknown,LDC Dev VIP
10.80.72.154,10.80.72.154,0,ICMP,,Unknown,LDC Dev VIP
10.80.72.161,10.80.72.161,0,ICMP,,Unknown,LDC Dev VIP
10.80.72.162,10.80.72.162,0,ICMP,,Unknown,LDC Dev VIP
10.80.72.163,10.80.72.163,0,ICMP,,Unknown,LDC Dev VIP
10.80.72.164,10.80.72.164,0,ICMP,,Unknown,LDC Dev VIP
10.80.72.165,10.80.72.165,0,ICMP,,Unknown,LDC Dev VIP
10.80.72.166,10.80.72.166,0,ICMP,,Unknown,LDC Dev VIP
10.80.72.167,10.80.72.167,0,ICMP,,Unknown,LDC Dev VIP
10.80.72.168,10.80.72.168,0,ICMP,,Unknown,LDC Dev VIP
10.80.72.171,10.80.72.171,0,ICMP,,Unknown,LDC Dev VIP
10.80.72.172,10.80.72.172,0,ICMP,,Unknown,LDC Dev VIP
10.80.72.173,10.80.72.173,0,ICMP,,Unknown,LDC Dev VIP
10.80.72.179,10.80.72.179,0,ICMP,,Unknown,LDC Dev VIP
10.80.72.180,10.80.72.180,0,ICMP,,Unknown,LDC Dev VIP
10.80.72.181,10.80.72.181,0,ICMP,,Unknown,LDC Dev VIP
10.80.72.183,10.80.72.183,0,ICMP,,Unknown,LDC Dev VIP
10.80.72.184,10.80.72.184,0,ICMP,,Unknown,LDC Dev VIP
10.80.72.185,10.80.72.185,0,ICMP,,Unknown,LDC Dev VIP
admin-t1.ihotelier.com,10.80.72.187,0,ICMP,,Unknown,LDC Dev VIP
10.80.72.188,10.80.72.188,0,ICMP,,Unknown,LDC Dev VIP
callcenter-t1.ihotelier.com,10.80.72.189,0,ICMP,,Unknown,LDC Dev VIP
vs_config-t1.ihotelier.com,10.80.72.190,0,ICMP,,Unknown,LDC
vs_connect-t1.ihotelier.com,10.80.72.191,0,ICMP,,Unknown,LDC
vs_ota2-t1.ihotelier.com,10.80.72.192,0,ICMP,,Unknown,LDC
vs_reservations-t1.ihotelier.com,10.80.72.193,0,ICMP,,Unknown,LDC
10.80.72.194,10.80.72.194,0,ICMP,,Unknown,LDC Dev VIP
10.80.72.195,10.80.72.195,0,ICMP,,Unknown,LDC Dev VIP
10.80.72.196,10.80.72.196,0,ICMP,,Unknown,LDC Dev VIP
10.80.72.198,10.80.72.198,0,ICMP,,Unknown,LDC Dev VIP
10.80.72.199,10.80.72.199,0,ICMP,,Unknown,LDC Dev VIP
10.80.72.200,10.80.72.200,0,ICMP,,Unknown,LDC Dev VIP
10.80.72.201,10.80.72.201,0,ICMP,,Unknown,LDC Dev VIP
10.80.72.202,10.80.72.202,0,ICMP,,Unknown,LDC Dev VIP
10.80.72.203,10.80.72.203,0,ICMP,,Unknown,LDC Dev VIP
callcenter-t3.ihotelier.com,10.80.72.204,0,ICMP,,Unknown,LDC Production VIP
vs_config-t3.ihotelier.com,10.80.72.205,0,ICMP,,Unknown,LDC
vs_connect-t3.ihotelier.com,10.80.72.206,0,ICMP,,Unknown,LDC
vs_ota2-t3.ihotelier.com,10.80.72.207,0,ICMP,,Unknown,LDC
vs_reservations-t3.ihotelier.com,10.80.72.208,0,ICMP,,Unknown,LDC
10.80.72.209,10.80.72.209,0,ICMP,,Unknown,LDC Dev VIP
10.80.72.210,10.80.72.210,0,ICMP,,Unknown,LDC Dev VIP
10.80.72.211,10.80.72.211,0,ICMP,,Unknown,LDC Dev VIP
10.80.72.214,10.80.72.214,0,ICMP,,Unknown,LDC Dev VIP
10.80.72.215,10.80.72.215,0,ICMP,,Unknown,LDC Dev VIP
10.80.72.221,10.80.72.221,0,ICMP,,Unknown,LDC Dev VIP
10.80.72.222,10.80.72.222,0,ICMP,,Unknown,LDC Dev VIP
10.80.72.223,10.80.72.223,0,ICMP,,Unknown,LDC Dev VIP
10.80.72.224,10.80.72.224,0,ICMP,,Unknown,LDC Dev VIP
10.80.72.225,10.80.72.225,0,ICMP,,Unknown,LDC Dev VIP
10.80.72.230,10.80.72.230,0,ICMP,,Unknown,LDC Dev VIP
10.80.72.231,10.80.72.231,0,ICMP,,Unknown,LDC Dev VIP
origin-console-c1.ihotelier.com,10.80.72.236,0,ICMP,,Unknown,LDC
10.80.72.237,10.80.72.237,0,ICMP,,Unknown,LDC Dev VIP
10.80.72.238,10.80.72.238,0,ICMP,,Unknown,LDC Dev VIP
10.80.72.239,10.80.72.239,0,ICMP,,Unknown,LDC Dev VIP
admin-c1.ihotelier.com,10.80.72.240,0,ICMP,,Unknown,LDC Dev VIP
api-cd-c1.ihotelier.com,10.80.72.241,0,ICMP,,Unknown,LDC Dev VIP
callcenter-c1.ihotelier.com,10.80.72.242,0,ICMP,,Unknown,LDC Dev VIP
vs_config-c1.ihotelier.com,10.80.72.243,0,ICMP,,Unknown,LDC
connect-c1.ihotelier.com,10.80.72.244,0,ICMP,,Unknown,LDC Dev VIP
ota2-c1.ihotelier.com,10.80.72.245,0,ICMP,,Unknown,LDC
vs_reservations-c1.ihotelier.com,10.80.72.246,0,ICMP,,Unknown,LDC
10.80.72.254,10.80.72.254,0,ICMP,,Unknown,LDC Dev VIP
MEL-D-RTR01.travelclick.com,10.30.1.22,1,SNMPV2,notpublic79,Cisco,
LDC-I-RTR01.travelclick.com,10.80.140.65,1,SNMPV2,tcldcgram4r0,Cisco,
LDC-I-RTR02,10.80.140.66,1,SNMPV2,tcldcgram4r0,Cisco,
nycdc02,10.55.10.41,2,ICMP,,Unknown,
ILCBDC03,10.10.28.21,2,ICMP,,Unknown,
GAINDC01,10.30.28.21,2,ICMP,,Unknown,
ILCBDC02,10.10.28.22,2,ICMP,,Unknown,
ibeapil08.ilcb.tcprod.local,10.80.24.237,0,ICMP,,Unknown,
ibeapil07.ilcb.tcprod.local,10.80.24.236,0,ICMP,,Unknown,
consolel02.ilcb.tcprod.local,10.80.24.239,0,ICMP,,Unknown,
consolel01.ilcb.tcprod.local,10.80.24.238,0,ICMP,,Unknown,
ibeapil06.ilcb.tcprod.local,10.80.24.235,0,ICMP,,Unknown,
ibeapil03.ilcb.tcprod.local,10.80.24.232,0,ICMP,,Unknown,
ibeapil02.ilcb.tcprod.local,10.80.24.231,0,ICMP,,Unknown,
ibeapil05.ilcb.tcprod.local,10.80.24.234,0,ICMP,,Unknown,
ibeapil04.ilcb.tcprod.local,10.80.24.233,0,ICMP,,Unknown,
corl29.ilcb.tcprod.local,10.80.24.247,0,ICMP,,Unknown,
corl28.ilcb.tcprod.local,10.80.24.246,0,ICMP,,Unknown,
splunkl01.ilcb.tcprod.local,10.80.25.116,2,SNMPV2,public,net-snmp,
gwrkl01.ilcb.tcprod.local,10.80.25.115,2,SNMPV2,public,net-snmp,
corl27.ilcb.tcprod.local,10.80.24.245,0,ICMP,,Unknown,
haproxyl02.ilcb.tcprod.local,10.80.24.242,0,ICMP,,Unknown,
consolel04.ilcb.tcprod.local,10.80.24.241,0,ICMP,,Unknown,
corl31.ilcb.tcprod.local,10.80.24.244,0,ICMP,,Unknown,
haproxyl01.ilcb.tcprod.local,10.80.24.243,0,ICMP,,Unknown,
ihevtbkpl03.ilcb.tcprod.local,10.80.24.218,0,ICMP,,Unknown,
ihevtbkpl02.ilcb.tcprod.local,10.80.24.217,0,ICMP,,Unknown,
LDC-CORE-SW02,10.80.51.1,1,SNMPV2,,Cisco,
LDC-CORE-SW02,10.80.170.3,1,SNMPV2,,Cisco,
exa2sw-adm01.gain.tcprod.local,10.30.172.62,1,SNMPV2,public,Cisco,
ldc-fw04-g0-0.tcprod.local,209.242.64.130,0,ICMP,,Unknown,
ldc-core-sw03-lo10.tcprod.local,209.242.64.170,0,ICMP,,Unknown,
LDC-Cyrusone-RTR02,209.242.64.173,0,ICMP,,Unknown,
LDC-PRE-CORE-SW01,10.80.2.12,1,SNMPV2,notpublic79,Cisco,
LDC-CORE-SW01,10.80.24.2,1,SNMPV2,notpublic79,Cisco,
LDC-CORE-SW02,10.80.24.3,1,SNMPV2,,Cisco,
LDC-MSW,10.80.140.59,1,SNMPV2,notpublic79,Cisco,
ORL- CoreStack A&B,10.55.48.10,0,ICMP,,Unknown,
ORL-FW01,10.55.48.11,0,ICMP,,Unknown,
ORL-AP03,10.55.49.33,0,SNMPV2,notpublic79,"Meraki Networks, Inc.",Orlando
ORL-SW03-Meraki,10.55.49.171,0,SNMPV2,notpublic79,"Meraki Networks, Inc.",Orlando
ORL-SW06-Meraki,10.55.49.172,0,SNMPV2,notpublic79,"Meraki Networks, Inc.",Orlando
ORL-SW05-Meraki,10.55.49.173,0,SNMPV2,notpublic79,"Meraki Networks, Inc.",Orlando
ORL-SW08-Meraki,10.55.49.176,0,SNMPV2,notpublic79,"Meraki Networks, Inc.",Orlando
ORL-SW07-Meraki,10.55.49.177,0,SNMPV2,notpublic79,"Meraki Networks, Inc.",Orlando
ORL-SW09-Meraki,10.55.49.178,0,SNMPV2,notpublic79,"Meraki Networks, Inc.",Orlando
ORL-SW11-Meraki,10.55.49.179,0,SNMPV2,notpublic79,"Meraki Networks, Inc.",Orlando
ORL-SW10-Meraki,10.55.49.180,0,SNMPV2,notpublic79,"Meraki Networks, Inc.",Orlando
ORL-SW13-Meraki,10.55.49.182,0,SNMPV2,notpublic79,"Meraki Networks, Inc.",Orlando
ORL-SW15-Meraki,10.55.49.183,0,SNMPV2,notpublic79,"Meraki Networks, Inc.",Orlando
ORL-SW12-Meraki,10.55.49.184,0,SNMPV2,notpublic79,"Meraki Networks, Inc.",Orlando
ORL-SW01-Meraki,10.55.49.185,0,SNMPV2,notpublic79,"Meraki Networks, Inc.",Orlando
ORL-ISP-SW01.travelclick.com,199.227.2.9,1,ICMP,,Unknown,
bcn-inetfw01-2,10.55.32.18,1,SNMPV2,notpublic79,Cisco,BCN
ORL-ISP-SW01.travelclick.com,10.55.49.71,1,SNMPV2,notpublic79,Cisco,
orl-d-rtr01.travelclick.com,10.55.48.2,1,SNMPV2,notpublic79,Cisco,
ORL-MPLS-RTR.travelclick.com,10.55.48.5,1,SNMPV2,notpublic79,Cisco,
ADC-D-RTR01-Zayo,10.254.0.3,1,SNMPV2,notpublic79,Cisco,
ORL- AP01,10.55.49.31,0,SNMPV2,notpublic79,"Meraki Networks, Inc.",Orlando
ORL- AP02,10.55.49.32,0,SNMPV2,notpublic79,"Meraki Networks, Inc.",Orlando
ORL-AP03,10.55.49.33,0,SNMPV2,notpublic79,"Meraki Networks, Inc.",Orlando
ORL-AP04,10.55.49.34,0,SNMPV2,notpublic79,"Meraki Networks, Inc.",Orlando
ORL-AP05,10.55.49.35,0,SNMPV2,notpublic79,"Meraki Networks, Inc.",Orlando
ORL-AP06,10.55.49.36,0,SNMPV2,notpublic79,"Meraki Networks, Inc.",Orlando
ORL-AP07,10.55.49.37,0,SNMPV2,notpublic79,"Meraki Networks, Inc.",Orlando
ORL-AP08,10.55.49.38,0,SNMPV2,notpublic79,"Meraki Networks, Inc.",Orlando
ORL-AP09,10.55.49.39,0,SNMPV2,notpublic79,"Meraki Networks, Inc.",Orlando
ORL-AP10,10.55.49.40,0,SNMPV2,notpublic79,"Meraki Networks, Inc.",Orlando
ORL-AP11 (Game Room),10.55.49.41,0,SNMPV2,notpublic79,"Meraki Networks, Inc.",Orlando
ORL-AP12,10.55.49.42,0,SNMPV2,notpublic79,"Meraki Networks, Inc.",Orlando
sng-d-rtr02.travelclick.com,10.30.1.121,1,SNMPV2,notpublic79,Cisco,
ORL- FiberNet Circuit (FarSide),104.219.183.17,0,ICMP,,Unknown,
NYC- MetroOptic & Lightpath (FarSide),148.77.101.153,0,ICMP,,Unknown,
SCH-D-RTR02.travelclick.com,10.50.4.8,1,SNMPV2,notpublic79,Cisco,
CN1610_02,10.30.136.64,0,SNMPV2,notpublic79,Network Appliance Corporation,
CN1610_01,10.30.136.65,0,SNMPV2,notpublic79,Network Appliance Corporation,
SCH-MetroOptical-Primary-Internet Circuit,198.41.83.114,1,SNMPV2,0rioNWr!t3c0mM,Cisco,
SCH-FW-OutSide,64.190.112.34,1,ICMP,,Unknown,
LDC-Internet Link - AT&T,12.86.117.50,0,ICMP,,Unknown,
ADC-10GDCI-RTR02.travelclick.com,10.30.140.41,1,SNMPV2,notpublic79,Cisco,
ORL-AT&T-Primary-Internet-Circuit,12.119.119.50,1,SNMPV2,notpublic79,Cisco,
LDC-10GDCI-RTR02,10.80.140.42,1,SNMPV2,notpublic79,Cisco,
orl-d-rtr01.travelclick.com,10.55.48.49,1,SNMPV2,notpublic79,Cisco,
LOGW01,10.80.25.230,2,Agent,,Windows,
sng-d-rtr01.travelclick.com,10.30.1.21,1,SNMPV2,notpublic79,Cisco,
LDC-N9K-SERV-A.travelclick.com,10.80.64.36,1,SNMPV2,notpublic79,Cisco,
MEL-MPLS-Circuit,100.65.0.42,0,ICMP,,Unknown,MEL
LDC-MGMT-SW05.ilcb.tcprod.local,10.80.136.143,1,SNMPV2,notpublic79,Cisco,
ADC-AVO-RTR01,10.30.40.31,0,SNMPV2,notpublic79,Avocent,ADC
LDC-AVO-RTR02,10.80.40.32,1,SNMPV2,notpublic79,Avocent,LDC
LDC-AVO-RTR01,10.80.40.31,1,SNMPV2,notpublic79,Avocent,LDC
atlucs05.gain.tcprod.local,10.30.182.13,1,SNMPV2,notpublic79,Cisco,
atlucs05-a.gain.tcprod.local,10.30.182.11,1,SNMPV2,notpublic79,Cisco,
atlucs05-b.gain.tcprod.local,10.30.182.12,0,SNMPV2,notpublic79,Cisco,
par-inetfw01-1.travelclick.net,10.55.96.82,1,SNMPV2,notpublic79,Cisco,
38.101.233.11,38.101.233.11,0,ICMP,,Unknown,
NYC-WAN-RTR01-Meraki,10.55.8.21,1,SNMPV2,notpublic79,Cisco,New York City
NYC-SW8- Meraki,10.55.14.162,0,SNMPV2,notpublic79,"Meraki Networks, Inc.",New York City
NYC-SW7- Meraki,10.55.14.161,0,SNMPV2,notpublic79,"Meraki Networks, Inc.",New York City
NYC-SW6- Meraki,10.55.14.160,0,SNMPV2,notpublic79,"Meraki Networks, Inc.",
NYC-SW4- Meraki,10.55.14.158,0,SNMPV2,notpublic79,"Meraki Networks, Inc.",
NYC-SW3- Meraki,10.55.14.157,0,SNMPV2,notpublic79,"Meraki Networks, Inc.",
NYC-SW2- Meraki,10.55.14.156,0,SNMPV2,notpublic79,"Meraki Networks, Inc.",
NYC-AP01- Meraki,10.55.14.135,0,SNMPV2,notpublic79,"Meraki Networks, Inc.",
NYC-SW1- Meraki,10.55.14.155,0,SNMPV2,notpublic79,"Meraki Networks, Inc.",
NYC-AP02- Meraki,10.55.14.136,0,SNMPV2,notpublic79,"Meraki Networks, Inc.",
NYC-AP03- Meraki,10.55.14.137,0,SNMPV2,notpublic79,"Meraki Networks, Inc.",
NYC-AP04- Meraki,10.55.14.138,0,SNMPV2,notpublic79,"Meraki Networks, Inc.",
NYC-AP05- Meraki,10.55.14.139,0,SNMPV2,notpublic79,"Meraki Networks, Inc.",
NYC-AP06- Meraki,10.55.14.140,0,SNMPV2,notpublic79,"Meraki Networks, Inc.",
NYC-AP07- Meraki,10.55.14.141,0,SNMPV2,notpublic79,"Meraki Networks, Inc.",
NYC-AP08- Meraki,10.55.14.142,0,SNMPV2,notpublic79,"Meraki Networks, Inc.",
NYC-AP09- Meraki,10.55.14.143,0,SNMPV2,notpublic79,"Meraki Networks, Inc.",
NYC-AP10- Meraki,10.55.14.144,0,SNMPV2,notpublic79,"Meraki Networks, Inc.",
NYC-INETSW01.travelclick.net,10.55.14.152,1,SNMPV2,notpublic79,Cisco,
NYC-SW5- Meraki,10.55.14.159,0,SNMPV2,notpublic79,"Meraki Networks, Inc.",
10.55.14.150,10.55.14.150,0,ICMP,,Unknown,
10.55.14.151,10.55.14.151,0,ICMP,,Unknown,
ldc-i-rtr01-g0-0-0.tcprod.local,209.242.64.169,0,ICMP,,Unknown,
Rack1_LT_PDU,10.55.10.89,1,SNMPV2,public,American Power Conversion Corp.,
Rack1_(RT)_PDU,10.55.10.90,1,SNMPV2,public,American Power Conversion Corp.,
Rack2_(LT)_PDU,10.55.10.92,1,SNMPV2,public,American Power Conversion Corp.,
Rack2_(RT)_PDU,10.55.10.93,1,SNMPV2,public,American Power Conversion Corp.,
10.55.12.19,10.55.12.19,0,SNMPV2,public,"KONICA MINOLTA HOLDINGS, INC.",
10.55.12.20,10.55.12.20,0,SNMPV2,public,"KONICA MINOLTA HOLDINGS, INC.",
NYC-Core02- Meraki,10.55.14.3,0,SNMPV2,notpublic79,"Meraki Networks, Inc.",
NYC-FW01- Meraki,10.55.14.6,0,SNMPV2,notpublic79,"Meraki Networks, Inc.",
NYC-Core01- Meraki,10.55.14.4,0,SNMPV2,notpublic79,"Meraki Networks, Inc.",
10.55.14.5,10.55.14.5,0,ICMP,,Unknown,
10.55.12.1,10.55.12.1,0,ICMP,,Unknown,
10.55.10.1,10.55.10.1,0,ICMP,,Unknown,
10.55.11.1,10.55.11.1,0,ICMP,,Unknown,
10.55.14.129,10.55.14.129,0,ICMP,,Unknown,
MEL-PBX-Server,10.55.81.10,0,ICMP,,Unknown,
LDC-Core05,10.80.140.43,1,SNMPV2,notpublic79,Cisco,
LDC-Core06,10.80.140.44,1,SNMPV2,notpublic79,Cisco,
bcn-access-sw06_(Meraki),10.55.33.40,0,SNMPV2,notpublic79,"Meraki Networks, Inc.",BCN
bcn-access-sw07_(Meraki),10.55.33.41,0,SNMPV2,notpublic79,"Meraki Networks, Inc.",BCN
nycesx02-idrac,10.55.10.78,0,SNMPV2,public,Dell Computer Corporation,
LDC-10GDCI-RTR01,10.80.51.13,1,SNMPV2,notpublic79,Cisco,
ADC-10GDCI-RTR01,10.30.51.13,1,SNMPV2,notpublic79,Cisco,
NYCUPS1,10.55.10.88,0,SNMPV2,notpublic79,American Power Conversion Corp.,
NYCUPS2,10.55.10.91,0,SNMPV2,notpublic79,American Power Conversion Corp.,NY
ADC-Core05,10.30.140.43,1,SNMPV2,notpublic79,Cisco,
ADC-Core06,10.30.140.44,1,SNMPV2,notpublic79,Cisco,
LDCGCFW04A,10.80.140.51,0,SNMPV2,notpublic79,Palo Alto Networks,LDC
LDCGCFW04B,10.80.140.52,0,SNMPV2,notpublic79,Palo Alto Networks,LDC
LDC-10GDCI-RTR01,10.80.2.18,1,SNMPV2,notpublic79,Cisco,
atlucs03-A-FI,10.30.44.11,1,SNMPV2,notpublic79,Cisco,
OTW-SW5,10.55.121.150,0,SNMPV2,notpublic79,"Meraki Networks, Inc.",
OTW-SW5,10.55.121.150,0,SNMPV2,notpublic79,"Meraki Networks, Inc.",
OTW-SW1,10.55.121.149,0,SNMPV2,notpublic79,"Meraki Networks, Inc.",
OTW-SW3,10.55.121.146,0,SNMPV2,notpublic79,"Meraki Networks, Inc.",
OTW-SW4,10.55.121.147,0,SNMPV2,notpublic79,"Meraki Networks, Inc.",
OTW-SW4,10.55.121.147,0,SNMPV2,notpublic79,"Meraki Networks, Inc.",
OTW-FW01,104.232.193.11,0,ICMP,,Unknown,
OTW-FW02,104.232.193.12,0,ICMP,,Unknown,
ADCAMDFW04A,10.30.140.55,0,SNMPV2,notpublic79,Palo Alto Networks,
ADCAMDFW04B,10.30.140.56,0,SNMPV2,notpublic79,Palo Alto Networks,
ADCGCFW03A,10.30.140.51,0,SNMPV2,notpublic79,Palo Alto Networks,
ADCGCFW03B,10.30.140.52,0,SNMPV2,notpublic79,Palo Alto Networks,
LDCAMDFW06A,10.80.140.55,0,SNMPV2,notpublic79,Palo Alto Networks,
10.55.121.146,10.55.121.146,0,ICMP,,Unknown,