10.30.0.38,vs_res-t4.ihotelier.com_443,profile_wildcard.ihotelier.com_RestrictCiphers_WithoutRC4_NewSSLCert,profile_wildcard.ihotelier.com_exp_09_06_2020_RestrictCiphers_WithoutRC4
10.30.0.38,vs_res-t6.ihotelier.com_443,profile_wildcard.ihotelier.com_RestrictCiphers_WithoutRC4_NewSSLCert,profile_wildcard.ihotelier.com_exp_09_06_2020_RestrictCiphers_WithoutRC4
10.30.0.38,vs_exadfspvip.travelclick.net_443,profile_travelclick_wildcard,profile_wildcard.travelclick.com_exp_09_06_2020_RestrictCiphers_NoRC4
10.30.0.38,vs_exadfsvip.travelclick.net_443,profile_travelclick_wildcard,profile_wildcard.travelclick.com_exp_09_06_2020_RestrictCiphers_NoRC4
10.30.0.38,vs_origin-reservations-perf.travelclick.com_443,profile_wildcard_travelclick.com_exp_04_03_2020_NoCipherRestrictions,profile_wildcard.travelclick.com_exp_09_06_2020
10.30.0.38,vs_gm_gmmaintenance.travelclick.com_https,profile_wildcard_travelclick.com_exp_04_03_2020,profile_wildcard.travelclick.com_exp_09_06_2020_RestrictCiphers_NoRC4
10.30.0.38,vs_training.travelclick.com_443,profile_wildcard_travelclick.com_exp_04_03_2020_RestrictedCiphers_NO_RC4_NO_3DES,profile_wildcard.travelclick.com_exp_09_06_2020_RestrictCiphers_NoRC4_No3DES
10.30.0.38,vs_Bookings-T6_443,profile_wildcard.ihotelier.com_RestrictCiphers_WithoutRC4_NewSSLCert,profile_wildcard.ihotelier.com_exp_09_06_2020_RestrictCiphers_WithoutRC4
10.30.0.38,vs_legacyconnect.ihotelier.com_443,profile_wildcard.ihotelier.com_NewSSLCert_NO_RC4_NO_3DES,profile_wildcard.ihotelier.com_exp_09_06_2020_NO_RC4_NO_3DES
10.30.0.38,vs_splunkconfig.travelclick.com_443,profile_wildcard_travelclick.com_exp_04_03_2020,profile_wildcard.travelclick.com_exp_09_06_2020_RestrictCiphers_NoRC4
10.30.0.38,vs_gmsapps.travelclick.com_443,profile_wildcard_travelclick.com_exp_04_03_2020_NoCipherRestrictions,profile_wildcard.travelclick.com_exp_09_06_2020
10.30.0.38,vs_i3SFDCW01.travelclick.net_443,profile_wildcard_travelclick.com_exp_04_03_2020_RestrictedCiphers_NO_RC4_NO_3DES,profile_wildcard.travelclick.com_exp_09_06_2020_RestrictCiphers_NoRC4_No3DES
10.30.0.38,vs_dockerhub-ilcb.travelclick.com_443,profile_wildcard_travelclick.com_exp_04_03_2020,profile_wildcard.travelclick.com_exp_09_06_2020_RestrictCiphers_NoRC4
10.30.0.38,vs_api-ilcb-test.travelclick.com_443,profile_wildcard_travelclick.com_exp_04_03_2020,profile_wildcard.travelclick.com_exp_09_06_2020_RestrictCiphers_NoRC4
10.30.0.38,vs_identity-ldc.travelclick.com_443,profile_wildcard_travelclick.com_exp_04_03_2020_NoCipherRestrictions,profile_wildcard.travelclick.com_exp_09_06_2020
10.30.0.38,vs_gap-api-t6.ihoteler.com_443,profile_wildcard.ihotelier.com_RestrictCiphers_WithoutRC4_NewSSLCert,profile_wildcard.ihotelier.com_exp_09_06_2020_RestrictCiphers_WithoutRC4
10.30.0.38,vs_reservations.ihotelier.com_443,profile_wildcard.ihotelier.com_NewSSLCert_NO_RC4_NO_3DES,profile_wildcard.ihotelier.com_exp_09_06_2020_NO_RC4_NO_3DES
10.30.0.38,vs_booking.ihotelier.com_443,profile_wildcard.ihotelier.com_NewSSLCert_NO_RC4_NO_3DES_No_Tls1.0,profile_wildcard.ihotelier.com_exp_09_06_2020_NO_RC4_NO_3DES_No_Tls1.0
10.30.0.38,vs_callcenter.ihotelier.com_443,profile_wildcard.ihotelier.com_NewSSLCert_NO_RC4_NO_3DES,profile_wildcard.ihotelier.com_exp_09_06_2020_NO_RC4_NO_3DES
10.30.0.38,vs_admin.ihotelier.com_443,profile_wildcard.ihotelier.com_RestrictCiphers_WithoutRC4_NewSSLCert_No_Tls1.0,profile_wildcard.ihotelier.com_exp_09_06_2020_RestrictCiphers_WithoutRC4_No_Tls1.0
10.30.0.38,vs_bookings.ihotelier.com_443,profile_wildcard.ihotelier.com_NewSSLCert_NO_RC4_NO_3DES_No_Tls1.0,profile_wildcard.ihotelier.com_exp_09_06_2020_NO_RC4_NO_3DES_No_Tls1.0
10.30.0.38,vs_gms.travelclick.com_443,profile_wildcard_travelclick.com_exp_04_03_2020_NoCipherRestrictions,profile_wildcard.travelclick.com_exp_09_06_2020
10.30.0.38,vs_mobile.ihotelier.com_443,profile_wildcard.ihotelier.com_NewSSLCert_NO_RC4_NO_3DES,profile_wildcard.ihotelier.com_exp_09_06_2020_NO_RC4_NO_3DES
10.30.0.38,vs_gms.travelclick.com_443_TEMP,profile_travelclick_wildcard,profile_wildcard.travelclick.com_exp_09_06_2020_RestrictCiphers_NoRC4
10.30.0.38,vs_m.ihotelier.com_443,profile_wildcard.ihotelier.com_NewSSLCert_NO_RC4_NO_3DES,profile_wildcard.ihotelier.com_exp_09_06_2020_NO_RC4_NO_3DES
10.30.0.38,vs_m-t6.ihotelier.com_443,profile_wildcard.ihotelier.com_RestrictCiphers_WithoutRC4_NewSSLCert,profile_wildcard.ihotelier.com_exp_09_06_2020_RestrictCiphers_WithoutRC4
10.30.0.38,vs_m-t4.ihotelier.com_443,profile_wildcard.ihotelier.com_RestrictCiphers_WithoutRC4_NewSSLCert,profile_wildcard.ihotelier.com_exp_09_06_2020_RestrictCiphers_WithoutRC4
10.30.0.38,vs_static.travelclick.com_443,profile_wildcard_travelclick.com_exp_04_03_2020,profile_wildcard.travelclick.com_exp_09_06_2020_RestrictCiphers_NoRC4
10.30.0.38,vs_admin-scraper.ihotelier.com_443,profile_wildcard.ihotelier.com_RestrictCiphers_WithoutRC4_NewSSLCert,profile_wildcard.ihotelier.com_exp_09_06_2020_RestrictCiphers_WithoutRC4
10.30.0.38,vs_ht360-dr.travelclick.com_443,profile_wildcard_travelclick.com_exp_04_03_2020,profile_wildcard.travelclick.com_exp_09_06_2020_RestrictCiphers_NoRC4
10.30.0.38,vs_rate360-dr.travelclick.com_443,profile_wildcard_travelclick.com_exp_04_03_2020_NoCipherRestrictions,profile_wildcard.travelclick.com_exp_09_06_2020
10.30.0.38,vs_admin_tls.ihotelier.com_443,profile_wildcard.ihotelier.com_RestrictCiphers_WithoutRC4_NewSSLCert,profile_wildcard.ihotelier.com_exp_09_06_2020_RestrictCiphers_WithoutRC4
